New_orth,Old_orth,Lan,H_xtra,o_extra,o_extra2,Old,New
mese,aća,FP,,,,ɑt͡ʃʲɑ,mɛʃɛ
ágy,aδ̕ɜ,FU,,oδ̕ɜ,,ɑðʲɜ,aːɟ
al,ala,U,,,,ɑlɑ,ɒl
áld,alɜ,FU,,,,ɑlɜ,aːld
ad,amta,FU,,,,ɑmtɑ,ɒd
old,aŋa,FU,,,,ɑŋɑ,old
aj,aŋe,U,,,,ɑŋe,ɒj
apa,appe,FU,,,,ɑppe,ɒpɒ
ár,arwa,FU,,arγa,,ɑrwɑ,aːr
árt,arɜ,FU,,,,ɑrɜ,aːrt
ének,äne,FU,,,,æne,eːnɛk
ég,äŋɜ,FU,,,,æŋɜ,eːɡ
szalad,ćaδa,FU,,śaδa,,t͡ʃʲɑðɑ,sɒlɒd
zaj,ćaka,FU,,,,t͡ʃʲɑkɑ,zɒj
szeg,ćäŋkɜ,FU,,śäŋkɜ,,t͡ʃʲæŋkɜ,sɛɡ
sért,ćärke,FU,,,,t͡ʃʲærke,ʃeːrt
szűr,ćerɜ,FU,,,,t͡ʃʲerɜ,syːr
süh,ćiklä,U,,"ćüklä, ćikĺä ćükĺä",,t͡ʃʲiklæ,ʃyh
seg,ćiŋkä,FU, Balagseg,ćüŋkä,,t͡ʃʲiŋkæ,ʃɛɡ
csomó,ćolme,FU,,,,t͡ʃʲolme,t͡ʃomoː
csorog,ćorɜ,U,,,,t͡ʃʲorɜ,t͡ʃoroɡ
szú,ćuγɜ,FU,,"ćukɜ, śuγɜ śukɜ",,t͡ʃʲuɣɜ,suː
csupor,ćuppɜ,FU,,,,t͡ʃʲuppɜ,t͡ʃupor
csillog,ćȣlkɜ,FU,,ćȣ̈lkɜ,,t͡ʃʲȣlkɜ,t͡ʃilloɡ
csün,ćȣ̈nɜ,U,,,,t͡ʃʲ¨nɜ,t͡ʃyn
sápad,čappɜ,FU,,,,t͡ʃɑppɜ,ʃaːpɒd
savanyú,čawɜ,Ug,,čapa,,t͡ʃɑwɜ,ʃɒvɒɲuː
csegely,čeŋkɜ,FU,,,,t͡ʃeŋkɜ,t͡ʃɛɡɛj
siet,čijɜ,FU,,"čikɜ, čiŋɜ, čejɜ, čekɜ, čeŋɜ",,t͡ʃijɜ,ʃiɛt
sok,čukkɜ,FU,,čokkɜ,,t͡ʃukkɜ,ʃok
sovány,čupa,FU,,,,t͡ʃupɑ,ʃovaːɲ
ez,e,U,,,,e,ɛz
öcs,ećɜ,FU,,,,et͡ʃʲɜ,øt͡ʃ
es,ećɜ,U,,,,et͡ʃʲɜ,ɛʃ
elő,eδe,FU,eleje,,,eðe,ɛløː
éj,eje,FU,,üje,,eje,eːj
él,elä,U,,,,elæ,eːl
em,emä,U, embër,,,emæ,ɛm
ük,ewkkɜ,FU, ükanya,,,ewkkɜ,yk
ős,ićä,U,,,,it͡ʃʲæ,øːʃ
íny,ike,FU,,"ikeńe, ikene",,ike,iːɲ
emlő,ime,U,,,,ime,ɛmløː
íz,ipɜ,U,,"ipɜsɜ, ipɜśɜ",,ipɜ,iːz
ër,irkä,FU,,ürkä,,irkæ,er
iktat,jakka,FU,,,,jɑkkɑ,iktɒt
gyalog,jalka,FU,,,,jɑlkɑ,ɟɒloɡ
jel,jälke,FU,,,,jælke,jɛl
ideg,jänte,U,,,,jænte,idɛɡ
jég,jäŋe,FU,,,,jæŋe,jeːɡ
év,jikä,FU,,ikä,,jikæ,eːv
jó,joke,U,,,,joke,joː
íj,joŋsɜ,U,,joŋksɜ,,joŋsɜ,iːj
gyakori,jowkkɜ,FU,,,,jowkkɜ,ɟɒkori
iv,juγe,FU,i,juke,,juɣe,iv
jöv,jȣ̈ŋɜ,Ug,,jȣ̈γɜ jȣ̈kɜ,,j¨ŋɜ,jøv
hős,kaća,U,,,,kɑt͡ʃʲɑ,høːʃ
hagy,kaδ̕a,U,,,,kɑðʲɑ,hɒɟ
hölgy,kaδ̕wa,FU,,kaδ̕wɜ,,kɑðʲwɑ,hølɟ
hajít,kaja,FU,,,,kɑjɑ,hɒjiːt
két,kakta,FU,,käktä,,kɑktɑ,keːt
hal,kala,U,,,,kɑlɑ,hɒl
háló,kalɜ,U,,,,kɑlɜ,haːloː
hál,kalɜ,FU,,,,kɑlɜ,haːl
hályog,kaĺwɜ,FU,,,,kɑlʲwɜ,haːjoɡ
háml,kama,U,,,,kɑmɑ,haːml
hány,kanɜ,FU,,,,kɑnɜ,haːɲ
hág,kaŋɜ,Ug,,kaŋkɜ,,kɑŋɜ,haːɡ
hat,kattɜ,U,,,,kɑttɜ,hɒt
kel,kälä,FU,,,,kælæ,kɛl
kemény,kämä,FU,,,,kæmæ,kɛmeːɲ
kéz,käte,FU,,,,kæte,keːz
ki,ke,FU,,ki,,ke,ki
keszeg,kećä,FU,,,,ket͡ʃʲæ,kɛsɛɡ
kengyel,kećɜ,FU,,,,ket͡ʃʲɜ,kɛnɟɛl
kécs,kečä,FU, isten kecskéje,,,ket͡ʃæ,keːt͡ʃ
kés,kečɜ,FU,,,,ket͡ʃɜ,keːʃ
kéj,keje,FU,,kȣ̈jγɜ,,keje,keːj
köved,keje,FU,,,,keje,køvɛd
këll,kelke,FU,,,,kelke,kell
kevés,kepä,FU,,,,kepæ,kɛveːʃ
kerek,kerä,FU,,,,keræ,kɛrɛk
kér,kerä,FU,,,,keræ,keːr
köré,kere,FU,,,,kere,køreː
kérëg,kere,FU,,,,kere,keːreɡ
kígyó,kije,U,,küje,,kije,kiːɟoː
követ,kijɜ,FU,,küjɜ,,kijɜ,køvɛt
köd,kintɜ,U,,küntɜ,,kintɜ,kød
könyök,kińä,FU,,"küńä, kinä, künä",,kinʲæ,køɲøk
könny,kińe,U,,"kińelɜ, küńe, küńelɜ",,kinʲe,kønɲ
köt,kitke,FU,,kütke,,kitke,køt
köz,kitɜ,FU,,kütɜ,,kitɜ,køz
kő,kiwe,FU,,,,kiwe,køː
hagyma,koćmɜ,FU,,kaćmɜ,,kot͡ʃʲmɜ,hɒɟmɒ
héj,koja,FU,,,,kojɑ,heːj
hajnal,koje,FU,,,,koje,hɒjnɒl
hím,kojmɜ,U,,kojemɜ,,kojmɜ,hiːm
here,kojra,U,,kojera,,kojrɑ,hɛrɛ
hal,kola,U,,,,kolɑ,hɒl
három,kolme,FU,,kulme,,kolme,haːrom
halok,kolɜ,FU,,,,kolɜ,hɒlok
hón,konɜ,FU,,"kana, konɜ + ala, kana + ala",,konɜ,hoːn
hanyatt,konɜCx,FU,,,,konɜCx,hɒɲɒtt
hárs,końćkɜ,FU,,koćkɜ,,konʲt͡ʃʲkɜ,haːrʃ
hosszú,końćɜ,U,,koćɜ,,konʲt͡ʃʲɜ,hoʃsuː
hërvad,korpe,FW,,,,korpe,hervɒd
horol,korɜ,FU,,korwɜ,,korɜ,horol
ház,kota,FU,,,,kotɑ,haːz
ho,ku,U,,ko,,ku,ho
holnap,kuδɜ,U,,,,kuðɜ,holnɒp
hamu,kuδ̕mɜ,Ug,,,,kuðʲmɜ,hɒmu
háj,kuje,FU,,,,kuje,haːj
hall,kule,FU,,,,kule,hɒll
halad,kulke,U,,,,kulke,hɒlɒd
holló,kulɜ,U,,kulɜkɜ,,kulɜ,holloː
homlok,kuma,U,,,,kumɑ,homlok
hab,kumpa,U,,,,kumpɑ,hɒb
hó,kumɜ,U,,,,kumɜ,hoː
homály,kumɜ,FU,,,,kumɜ,homaːj
had,kunta,FU,,,,kuntɑ,hɒd
hall,kuntalɜ,Ug,,,,kuntɑlɜ,hɒll
joh,kunɜ,FU,,,,kunɜ,joh
huny,kuńa,U,,,,kunʲɑ,huɲ
hangya,kuńće,FU,,kuće,,kunʲt͡ʃʲe,hɒnɟɒ
húgy,kuńće,U,,kuće,,kunʲt͡ʃʲe,huːɟ
húgy,kuńćɜ,U,,kućɜ,,kunʲt͡ʃʲɜ,huːɟ
hó,kuŋe,U,,,,kuŋe,hoː
harmat,kura,U,,,,kurɑ,hɒrmɒt
hornyol,kurńa,FU,,,,kurnʲɑ,horɲol
horó,kurɜ,FU,,,,kurɜ,horoː
harántos,kurɜ,U,,,,kurɜ,hɒraːntoʃ
harag,kurɜ,FU,,,,kurɜ,hɒrɒɡ
húsz,kuśɜ,FU,,kojećɜ,,kuʃʲɜ,huːs
hat,kutte,FU,,,,kutte,hɒt
hát,kuttɜ,U,,,,kuttɜ,haːt
küzd,kȣ̈śɜ,Ug,,,,k¨ʃʲɜ,kyzd
lapos,lappɜ,U,,,,lɑppɜ,lɒpoʃ
lép,läppɜ,FU,,"δäppɜ, leppɜ δeppɜ",,læppɜ,leːp
lë,le,FU,,,,le,le
lé,leme,FU,,lēme,,leme,leː
lep,leppɜ,FU,,,,leppɜ,lɛp
lő,lewe,FU,,,,lewe,løː
lélëk,lewlɜ,FU,,,,lewlɜ,leːlek
lök,likkä,FU,,lükkä,,likkæ,løk
láng,lomɜ,FU,,lamɜ,,lomɜ,laːnɡ
lágy,lońća,FU,,,,lonʲt͡ʃʲɑ,laːɟ
lóg,loŋe,FU,,,,loŋe,loːɡ
lúd,lunta,FU,,,,luntɑ,luːd
légy,lȣńćɜ,FU,,,,lȣnʲt͡ʃʲɜ,leːɟ
láp,lȣppɜ,FU,,,,lȣppɜ,laːp
lepke,lȣ̈ppɜ,U,,,,l¨ppɜ,lɛpkɛ
levél,lȣ̈pɜ,Ug,,lepɜ,,l¨pɜ,lɛveːl
máj,maksa,U,,,,mɑksɑ,maːj
ment,mänɜ,FU,,,,mænɜ,mɛnt
messze,mećä,FU,,,,met͡ʃʲæ,mɛʃsɛ
méh,mekše,FU,,,,mekʃe,meːh
mën,mene,U,,,,mene,men
méz,mete,FU,,,,mete,meːz
mëny,mińä,U,,,,minʲæ,meɲ
mënny,mińɜ,FU,,,,minʲɜ,menɲ
mëg,miŋä,FU,,müŋä,,miŋæ,meɡ
mëggy,moĺɜ,FU,,moδ̕ɜ,,molʲɜ,meɡɟ
más,mu,FU,,,,mu,maːʃ
múl,mulɜ,FU,,,,mulɜ,muːl
mogyoró,muna,U,,,,munɑ,moɟoroː
mag,muŋkɜ,FU,,,,muŋkɜ,mɒɡ
mar,mura,U,,murɜ,,murɑ,mɒr
mos,muśke,U,,mośke,,muʃʲke,moʃ
mál,mȣlɜ,FU,,"mȣljɜ, mȣlkɜ",,mȣlɜ,maːl
mar,mȣrɜ,U,,,,mȣrɜ,mɒr
én,mȣ̈,U,,,,m¨,eːn
mi,mȣ̈,U,,,,m¨,mi
mi,mɜ,U,,,,mɜ,mi
néz,näke,FU,,,,næke,neːz
nyél,niδe,U,,nüδe,,niðe,ɲeːl
név,nime,U,,,,nime,neːv
nő,niŋä,U,,,,niŋæ,nøː
nyújt,nȣjɜ,FU,,ńȣjɜ,,nȣjɜ,ɲuːjt
nyelv,ńälmä,FU,,,,nʲælmæ,ɲɛlv
nyel,ńele,U,,ńēle,,nʲele,ɲɛl
négy,ńeljä,FU,,neljä,,nʲeljæ,neːɟ
nyíl,ńɤle,U,,ńōle,,nʲɤle,ɲiːl
nyű,ńikɜ,U,,ńükɜ,,nʲikɜ,ɲyː
nyal,ńole,U,,ńōle,,nʲole,ɲɒl
nyúl,ńoma,U,,ńomalɜ,,nʲomɑ,ɲuːl
nyirok,ńorɜ,U,,,,nʲorɜ,ɲirok
nyuszt,ńukśe,FU,,ńukɜśɜ,,nʲukʃʲe,ɲust
nyug,ńuŋɜ,FU,,,,nʲuŋɜ,ɲuɡ
nyír,ńȣ̈rɜ,Ug,,"ńȣrɜ, ńȣrkɜ",,nʲ¨rɜ,ɲiːr
az,o,U,,u,,o,ɒz
ostor,oćtɜrɜ,Ug,,,,ot͡ʃʲtɜrɜ,oʃtor
al,oδa,FU,,,,oðɑ,ɒl
álom,oδamɜ,FU,,,,oðɑmɜ,aːlom
áll,olɜ,FW,,,,olɜ,aːll
agyar,ońćarɜ,FU,,,,onʲt͡ʃʲɑrɜ,ɒɟɒr
ár,ora,FU,,,,orɑ,aːr
árva,orpa,FU,,"orpasɜ, orwa orwasɜ",,orpɑ,aːrvɒ
fal,paδɜ,FU,,,,pɑðɜ,fɒl
fajd,paδ̕tɜ,FU,,,,pɑðʲtɜ,fɒjd
fagyal,pajɜ,U,,,,pɑjɜ,fɒɟɒl
fakad,pakka,FU,,,,pɑkkɑ,fɒkɒd
fal,pala,U,,,,pɑlɑ,fɒl
falu,palγɜ,Ug,,,,pɑlɣɜ,fɒlu
fagy,paĺa,FU,,,,pɑlʲɑ,fɒɟ
farag,parɜ,U,,,,pɑrɜ,fɒrɒɡ
fazék,pata,FU,,,,pɑtɑ,fɒzeːk
fëcske,päćkɜ,FU,,,,pæt͡ʃʲkɜ,fet͡ʃkɛ
fesl,päčɜ,Ug,,,,pæt͡ʃɜ,fɛʃl
fél,pälä,U,,,,pælæ,feːl
fen,pänɜ,FU,,,,pænɜ,fɛn
fej,päŋe,U,,,,pæŋe,fɛj
fűz,pećɜ,FU,,,,pet͡ʃʲɜ,fyːz
fő,peje,U,,,,peje,føː
fél,pele,FU,: ajtófélfa,(pēle),,pele,feːl
fél,pele,U,,,,pele,feːl
figyel,peljä,FU,,,,peljæ,fiɟɛl
fëd,pentɜ,FU,,,,pentɜ,fed
férëg,perkɜ,FU,,(perkkɜ),,perkɜ,feːreɡ
bőr,perɜ,U,,,,perɜ,bøːr
fészëk,pesä,U,,,,pesæ,feːsek
fëlëtt,piδe,U,,(piδe-kä),,piðe,felett
fëlhő,pilwe,FU,,(pilŋe),,pilwe,felhøː
fog,piŋe,FU,,,,piŋe,foɡ
fogoly,piŋe,U,,(püŋe),,piŋe,foɡoj
fiú,pojka,FU,,,,pojkɑ,fiuː
bogyó,pola,FU,,,,polɑ,boɟoː
fos,pućka,FU,,(paćka),,put͡ʃʲkɑ,foʃ
facsar,pućɜrɜ,FU,,,,put͡ʃʲɜrɜ,fɒt͡ʃɒr
fogy,pučɜ,FU,,,,put͡ʃɜ,foɟ
fut,pukta,U,,,,puktɑ,fut
fan,puna,FU,,,,punɑ,fɒn
fon,puna,U,,,,punɑ,fon
bonyolód,puńa,FU,,,,punʲɑ,boɲoloːd
fúr,pura,U,,,,purɑ,fuːr
far,purɜ,Ug,,,,purɜ,fɒr
foszl,puśɜ,Ug,,,,puʃʲɜ,fosl
fa,puwɜ,U,,,,puwɜ,fɒ
fúj,puwɜ,U,,(puγɜ-),,puwɜ,fuːj
fúl,puwɜ,FU,,(puŋɜ-),,puwɜ,fuːl
fágy,pȣčɜ,FU,,,,pȣt͡ʃɜ,faːɟ
fú,pȣjɜ,U,,,,pȣjɜ,fuː
fing,pȣnɜ,U,,,,pȣnɜ,finɡ
forog,pȣrkɜ,FU,,(pȣrγɜ-),,pȣrkɜ,foroɡ
fáz,pȣtɜ,Ug,,,,pȣtɜ,faːz
fejsze,pȣ̈jćɜ,U,,,,p¨jt͡ʃʲɜ,fɛjsɛ
fenyő,pȣ̈nɜ,FU,,,,p¨nɜ,fɛɲøː
rés,raćɜ,FU,,,,rɑt͡ʃʲɜ,reːʃ
rokon,rakka,FU,,,,rɑkkɑ,rokon
rész,räćɜ,FU,,,,ræt͡ʃʲɜ,reːs
rejt,reŋɜ,Ug,,(rekɜ),,reŋɜ,rɛjt
ravasz,repä,FU,,(repä-ćɜ),,repæ,rɒvɒs
ró,rokɜ,FU,,"(roγɜ-, rowɜ-)",", rowɜ-)",rokɜ,roː
áll,salkɜ,FU,,,,sɑlkɜ,aːll
év,säje,U,,,,sæje,eːv
ell,säle,U,,(sälke-),,sæle,ɛll
ég,säŋe,FU,,,,sæŋe,eːɡ
epe,säppä,FU,,,,sæppæ,ɛpɛ
ér,särɜ,FU,,,,særɜ,eːr
őn,säwnä,FU,,,,sæwnæ,øːn
ëv,sewe,FU,,(seγe-),,sewe,ev
ín,sɤne,U,,(sōne),,sɤne,iːn
ősz,sikśe,FU,,(sükśe),,sikʃʲe,øːs
öl,sile,FU,,(süle),,sile,øl
ujj,soja,U,,,,sojɑ,ujj
avat,soŋe,U,,,,soŋe,ɒvɒt
agg,soŋkɜ,FU,,(soŋɜ),,soŋkɜ,ɒɡɡ
arasz,sorɜ,FU,,,", sorɜ-śɜ",sorɜ,ɒrɒs
ujj,suδ̕ɜ,U,,,,suðʲɜ,ujj
olvad,sula,FU,,,,sulɑ,olvɒd
ő,sȣ̈,FU,,,,s¨,øː
szaka,śakkɜ,Ug,éjszaka,(śukkɜ),,ʃʲɑkkɜ,sɒkɒ
szil,śala,FU,,,,ʃʲɑlɑ,sil
szilánk,śale,FU,,,,ʃʲɑle,silaːnk
szál,śalkɜ,FU,,,,ʃʲɑlkɜ,saːl
szalag,śalɜ,U,,"(śaδa), salɜ",", salɜ",ʃʲɑlɜ,sɒlɒɡ
száldok,śaĺɜ,Ug,,,,ʃʲɑlʲɜ,saːldok
szürügy,śarɜ,U,,,,ʃʲɑrɜ,syryɟ
szar,śarɜ,FU,,(ćarɜ),,ʃʲɑrɜ,sɒr
szárad,śarɜ,FU,,,,ʃʲɑrɜ,saːrɒd
száz,śata,FU,,,,ʃʲɑtɑ,saːz
szel,śälä,FU,,(ćälä-),,ʃʲælæ,sɛl
sző,śäŋe,FU, ~ szöv,,,ʃʲæŋe,søː
segg,śäŋkɜ,FU,,,,ʃʲæŋkɜ,ʃɛɡɡ
szër,śerɜ,U,,,,ʃʲerɜ,ser
szív,śiδä,U,,"(śiδä-mɜ), śüδä, śüδä-mɜ",", śüδä, śüδä-mɜ",ʃʲiðæ,siːv
sün,śijele,FU,,,,ʃʲijele,ʃyn
szëm,śilmä,U,,,,ʃʲilmæ,sem
zaj,śoje,FU,,,,ʃʲoje,zɒj
szomjú,śomɜ,FU,,,,ʃʲomɜ,somjuː
szarv,śorwa,FU,,,,ʃʲorwɑ,sɒrv
szorul,śorɜ,FU,,,,ʃʲorɜ,sorul
szúr,śurwa,FU,,,,ʃʲurwɑ,suːr
szurok,śurɜ,FU,,,,ʃʲurɜ,surok
száj,śuwe,U,,,,ʃʲuwe,saːj
ér,šärɜ,FU,,,,ʃærɜ,eːr
ér,šerɜ,FU,,(šärɜ),,ʃerɜ,eːr
egér,šiŋere,FU,,,,ʃiŋere,ɛɡeːr
apad,šoppɜ,FU,,(šappɜ-),,ʃoppɜ,ɒpɒd
irt,šurɜ,U,,,,ʃurɜ,irt
tapod,tappa,U,,,,tɑppɑ,tɒpod
daru,tarɜkɜ,FU,,(tarkɜ),,tɑrɜkɜ,dɒru
té,tä,U,: tétova,,", te, ti",tæ,teː
tetű,täje,FU,,,,tæje,tɛtyː
tél,tälwä,FU,,,,tælwæ,teːl
tele,täwδe,FU,,(tälkɜ),,tæwðe,tɛlɛ
tüdő,täwe,U,,,,tæwe,tydøː
tëv,teke,FU," (të, tësz)",,,teke,tev
tűz,tekɜ,FU,,,,tekɜ,tyːz
töm,temɜ,FU,,,,temɜ,tøm
több,teppɜ,FU,,,,teppɜ,tøbb
tőr,terä,FU,,,,teræ,tøːr
tér,terɜ,FU,,,,terɜ,teːr
tő,tiŋe,FU,,(tüŋe),,tiŋe,tøː
tova,to,U,,,,to,tovɒ
tat,totke,U, : tathal,,,totke,tɒt
tavasz,towkɜ,FU,,,,towkɜ,tɒvɒs
tó,towɜ,U,,,,towɜ,toː
tőgy,tuδ̕ka,FU,,,", tuδ̕ka-mɜ",tuðʲkɑ,tøːɟ
tat,tuktɜ,U,,,,tuktɜ,tɒt
toll,tulka,U,,,,tulkɑ,toll
tud,tumte,U,,,,tumte,tud
dug,tuŋke,FU,,,,tuŋke,duɡ
tarja,turja,FU,,,,turjɑ,tɒrjɒ
të,tȣ̈,U,,,,t¨,te
ti,tȣ̈,U,,,,t¨,ti
úsz,uje,U,,,", oje-",uje,uːs
út,utka,U,,,,utkɑ,uːt
vessző,waćɜ,FU,,,,wɑt͡ʃʲɜ,vɛʃsøː
vás,wačɜ,FU,,,,wɑt͡ʃɜ,vaːʃ
völgy,waδ̕kɜ,U,,,,wɑðʲkɜ,vølɟ
vejsze,waja,FU,,,,wɑjɑ,vɛjsɛ
vöcsök,wajće,FU,,,,wɑjt͡ʃʲe,vøt͡ʃøk
vál,walka,FU,,,,wɑlkɑ,vaːl
villám,walkɜ,FW,,,,wɑlkɜ,villaːm
villám,waĺɜ,FP,,,,wɑlʲɜ,villaːm
vad,wamta,FU,,,,wɑmtɑ,vɒd
vág,waŋɜ,Ug,,,", waŋkɜ-",wɑŋɜ,vaːɡ
varjú,warɜ,U,,,,wɑrɜ,vɒrjuː
virrad,warɜ,FU,,,,wɑrɜ,virrɒd
vas,waśke,U,,,,wɑʃʲke,vɒʃ
véd,wäntɜ,FU,,,,wæntɜ,veːd
vés,wäŋćɜ,FU,,,,wæŋt͡ʃʲɜ,veːʃ
vő,wäŋe,U,,,,wæŋe,vøː
öl,weδɜ,FU,,,,weðɜ,øl
vékony,wekkɜ,FU,,,,wekkɜ,veːkoɲ
vezet,wetä,FU,,,,wetæ,vɛzɛt
víz,wete,U,,,,wete,viːz
vigyáz,wića,FU,,,,wit͡ʃʲɑ,viɟaːz
velő,wiδɜ,FU,,(wiδɜ-mɜ),,wiðɜ,vɛløː
viv,wiγe,FU,,,,wiɣe,viv
öv,wiŋä,FU,,(wüŋä),,wiŋæ,øv
vér,wire,FU,,,,wire,veːr
öt,witte,FU,,,,witte,øt
vaj,woje,FU,,,,woje,vɒj
vív,woje,FU,,,,woje,viːv
vol,wole,FU,,,,wole,vol
váll,wolka,FU,,,,wolkɑ,vaːll
ón,wolnɜ,FU,,,,wolnɜ,oːn
varr,workɜ,FU,,,,workɜ,vɒrr
új,wuδ̕e,FU,,,,wuðʲe,uːj
ásít,ȣćɜ,FU,,,,ȣt͡ʃʲɜ,aːʃiːt
ë,ȣ̈,FU,?,,,¨,e
utál,aktɜ,Ug,,,,ɑktɜ,utaːl
alom,alama,Ug,,(alɜ-mɜ),,ɑlɑmɑ,ɒlom
olt,alɜ,Ug,,(alɜ-ttɜ-),,ɑlɜ,olt
ágyék,ańćɜ,Ug,,,,ɑnʲt͡ʃʲɜ,aːɟeːk
ara,arɜ,Ug,,(arwa),,ɑrɜ,ɒrɒ
iránt,arɜ,Ug,,(urɜ),,ɑrɜ,iraːnt
i,äjɜ,Ug,: ifjú,,,æjɜ,i
Erdély,älɜ,Ug,,"(äl-mɜ, älɜ-mɜ)",", älɜ-mɜ)",ælɜ,ɛrdeːj
ëb,ämpɜ,Ug,,(empɜ),,æmpɜ,eb
epër,äppɜrɜkɜ,Ug,,,,æppɜrɜkɜ,ɛper
edz,ättɜ,Ug,,(ätɜ-),,ættɜ,ɛd͡z
csókol,ćukkɜ,Ug,,(ćukkɜ-lɜ-),,t͡ʃʲukkɜ,t͡ʃoːkol
süpped,čeppɜ,Ug,,,,t͡ʃeppɜ,ʃyppɛd
sötét,čettɜ,Ug,,,,t͡ʃettɜ,ʃøteːt
süt,čittɜ,Ug,,,,t͡ʃittɜ,ʃyt
arany,ϑarańa,Ug,,,", sarańa",θɑrɑnʲɑ,ɒrɒɲ
ár,ϑarɜ,Ug,,,,θɑrɜ,aːr
asz,ϑasɜ,Ug,,,,θɑsɜ,ɒs
hét,ϑäptɜ,Ug,,,", säptɜ",θæptɜ,heːt
áz,ϑȣćɜ,Ug,,,,θȣt͡ʃʲɜ,aːz
akad,ϑȣkkɜ,Ug,,,,θȣkkɜ,ɒkɒd
ígér,eŋkɜrɜ,Ug,,,,eŋkɜrɜ,iːɡeːr
üsző,iśɜ,Ug,,(eśɜ),,iʃʲɜ,ysøː
űz,itɜ,Ug,,,,itɜ,yːz
jó,jomɜ,Ug,,(jamɜ),,jomɜ,joː
joh,ju,Ug,,,,ju,joh
jut,juktɜ,Ug,,,,juktɜ,jut
gyak,jȣkkɜ,Ug,,,,jȣkkɜ,ɟɒk
gyalu,jȣrɜ,Ug,,,,jȣrɜ,ɟɒlu
ját,jȣttɜ,Ug,,,,jȣttɜ,jaːt
gyökér,jȣ̈kkɜrɜ,Ug,,,,j¨kkɜrɜ,ɟøkeːr
íz,jȣ̈tɜ,Ug,,,,j¨tɜ,iːz
hasad,kaćɜ,Ug,,,,kɑt͡ʃʲɜ,hɒʃɒd
haj,kajɜ,Ug,,,,kɑjɜ,hɒj
hajol,kajɜ,Ug,,,,kɑjɜ,hɒjol
harkály,karɜ,Ug,,,,kɑrɜ,hɒrkaːj
híz,katɜ,Ug,,,,kɑtɜ,hiːz
keshed,käńćɜ,Ug,,,", käćɜ",kænʲt͡ʃʲɜ,kɛʃhɛd
kísér,kećɜ,Ug,,,,ket͡ʃʲɜ,kiːʃeːr
ki,ki,Ug,,"(ki-mɜ), kü (kü-mɜ)",", kü (kü-mɜ)",ki,ki
hattyú,kottɜŋɜ,Ug,,,,kottɜŋɜ,hɒtcuː
hoz,kućɜ,Ug,,,,kut͡ʃʲɜ,hoz
hagyap,kuδ̕ɜ,Ug,† ,(kuĺɜ-),,kuðʲɜ,hɒɟɒp
hód,kumtɜ,Ug,,(kuntɜ),,kumtɜ,hoːd
húz,kupɜtɜ,Ug,,,,kupɜtɜ,huːz
hagy,kȣńćɜ,Ug,: hagymáz,,,kȣnʲt͡ʃʲɜ,hɒɟ
kesered,kȣ̈ćɜ,Ug,,(kȣ̈ćɜ-rɜ),,k¨t͡ʃʲɜ,kɛʃɛrɛd
köles,kȣ̈lɜ,Ug,,"(kȣ̈lɜ-ćɜ), kȣ̈lɜćɜ",", kȣ̈lɜćɜ",k¨lɜ,kølɛʃ
kedv,kȣ̈ntɜ,Ug,,,,k¨ntɜ,kɛdv
könnyű,kȣ̈nɜ,Ug,,,,k¨nɜ,kønɲyː
köszörül,kȣ̈sɜ,Ug,,,,k¨sɜ,køsøryl
les,läćɜ,Ug,,,,læt͡ʃʲɜ,lɛʃ
ló,luwɜ,Ug,,(luγǝ),,luwɜ,loː
malát,malkɜ,Ug,,,,mɑlkɜ,mɒlaːt
magyar,mańćɜ,Ug,,,,mɑnʲt͡ʃʲɜ,mɒɟɒr
mese,mańćɜ,Ug,,,", maćɜ",mɑnʲt͡ʃʲɜ,mɛʃɛ
márt,marɜ,Ug,,,,mɑrɜ,maːrt
meleg,mälɜ,Ug,,,,mælɜ,mɛlɛɡ
mer,märɜ,Ug,,,,mærɜ,mɛr
mer,märɜ,Ug,,,,mærɜ,mɛr
meztelen,mećɜ,Ug,,,", meśɜ-",met͡ʃʲɜ,mɛztɛlɛn
mély,melɜ,Ug,,,,melɜ,meːj
mënyül,menɜ,Ug,: kimënyül,,,menɜ,meɲyl
mered,merɜ,Ug,,(märɜ-),,merɜ,mɛrɛd
marok,mȣrɜ,Ug,,,,mȣrɜ,mɒrok
nevet,mȣ̈kɜ,Ug,,(mȣ̈γɜ-),,m¨kɜ,nɛvɛt
méltó,mȣ̈lɜ,Ug,,,,m¨lɜ,meːltoː
nyék,näkɜ,Ug,Kápolnásnyék,(nekɜ-),,nækɜ,ɲeːk
nyerëg,närkɜ,Ug,,,,nærkɜ,ɲɛreɡ
nyolc,ńalɜ,Ug,,,,nʲɑlɜ,ɲolt͡s
nyer,ńärɜ,Ug,,,,nʲærɜ,ɲɛr
oldal,oŋtɜ,Ug,,(oŋtɜ-lɜ),,oŋtɜ,oldɒl
fék,päkkɜ,Ug,,,,pækkɜ,feːk
fejt,pejɜ,Ug,,,,pejɜ,fɛjt
fekély,pekkɜ,Ug,,,,pekkɜ,fɛkeːj
födél,pentɜlɜ,Ug,,,,pentɜlɜ,fødeːl
füst,pičɜ,Ug,,(pićɜ),,pit͡ʃɜ,fyʃt
fűl,pilɜ,Ug,,,,pilɜ,fyːl
fű,pimɜ,Ug,,,,pimɜ,fyː
fok,pukkɜ,Ug,,,,pukkɜ,fok
fulánk,pulɜ,Ug,,,,pulɜ,fulaːnk
fog,puŋɜ,Ug,,,,puŋɜ,foɡ
fárad,pȣγrɜ,Ug,,,", pȣrkɜ-",pȣɣrɜ,faːrɒd
foly,pȣlɜ,Ug,,,,pȣlɜ,foj
faggyú,pȣĺćɜ,Ug,,,,pȣlʲt͡ʃʲɜ,fɒɡɟuː
fekete,pȣ̈kkɜttɜ,Ug,,,,p¨kkɜttɜ,fɛkɛtɛ
rá,raŋɜ,Ug,,,,rɑŋɜ,raː
rokkan,rȣkkɜ,Ug,,,,rȣkkɜ,rokkɒn
szó,sawɜ,Ug,,,,sɑwɜ,soː
szőr,säγɜrɜ,Ug,,,", säkrɜ",sæɣɜrɜ,søːr
szél,selɜ,Ug,,,,selɜ,seːl
szëg,seŋkɜ,Ug,,,,seŋkɜ,seɡ
szül,silɜ,Ug,,,,silɜ,syl
zug,suŋɜ,Ug,,,,suŋɜ,zuɡ
szédül,sȣjɜ,Ug,,,", > sȣ̈jɜ-",sȣjɜ,seːdyl
szalu,sȣlkɜ,Ug,,(sȣlγɜ),,sȣlkɜ,sɒlu
száguld,sȣŋɜ,Ug,,,,sȣŋɜ,saːɡuld
szár,sȣrɜ,Ug,,,,sȣrɜ,saːr
titok,tajɜttɜ,Ug,,,,tɑjɜttɜ,titok
tál,talɜ,Ug,,,,tɑlɜ,taːl
tekint,täkkɜ,Ug,,,,tækkɜ,tɛkint
tegëz,täŋɜtɜ,Ug,,,,tæŋɜtɜ,tɛɡez
tér,tärɜ,Ug,,,,tærɜ,teːr
téved,tepɜ,Ug,,,,tepɜ,teːvɛd
táltos,tultɜ,Ug,,,,tultɜ,taːltoʃ
torok,turɜ,Ug,,,,turɜ,torok
tűz,tüγɜtɜ,Ug,,,", tüwɜ-tɜ",tyɣɜtɜ,tyːz
domb,tȣmpɜ,Ug,,,,tȣmpɜ,domb
dob,tȣmpɜ,Ug,,,,tȣmpɜ,dob
vár,warɜ,Ug,,,,wɑrɜ,vaːr
vese,wȣ̈ćɜ,Ug,,,,w¨t͡ʃʲɜ,vɛʃɛ
ajtó,ȣjɜ,Ug,,,,ȣjɜ,ɒjtoː
