level_0,index,rootuew,type,type.1,struc,NSE,en,de,reflex,rootipa,dropit
0,2114,pawe,N,,CVCV,6.5,charm,Charme,báj,pawe,
2,2117,puwe,N,,CVCV,6.25,charm,Charme,báj,puwe,
4,2120,pɜwe,N,,CVCV,6.25,charm,Charme,báj,pɜwe,
6,2128,pawɜ,N,,CVCV,5.75,charm,Charme,báj,pawɜ,
7,2129,pawa,N,,CVCV,5.75,charm,Charme,báj,pawa,
10,2134,puwɜ,N,,CVCV,5.5,charm,Charme,báj,puwɜ,
11,2135,puwa,N,,CVCV,5.5,charm,Charme,báj,puwa,
14,2140,pɜwɜ,N,,CVCV,5.5,charm,Charme,báj,pɜwɜ,
15,2141,pɜwa,N,,CVCV,5.5,charm,Charme,báj,pɜwa,
18,2150,pawä,N,,CVCV,3.25,charm,Charme,báj,pawæ,
20,2153,puwä,N,,CVCV,3.0,charm,Charme,báj,puwæ,
22,2156,pɜwä,N,,CVCV,3.0,charm,Charme,báj,pɜwæ,
24,2928,pire,N,,CVCV,7.0,wage,Lohn,bér,pire,
25,2930,pere,N,,CVCV,7.0,wage,Lohn,bér,pere,
26,2932,pirɜ,N,,CVCV,6.25,wage,Lohn,bér,pirɜ,
27,2933,pira,N,,CVCV,6.25,wage,Lohn,bér,pira,
28,2936,perɜ,N,,CVCV,6.25,wage,Lohn,bér,perɜ,
29,2937,pera,N,,CVCV,6.25,wage,Lohn,bér,pera,
30,2940,päre,N,,CVCV,6.25,wage,Lohn,bér,pære,
31,2942,pärɜ,N,,CVCV,5.5,wage,Lohn,bér,pærɜ,
32,2943,pära,N,,CVCV,5.5,wage,Lohn,bér,pæra,
33,2946,pirä,N,,CVCV,3.75,wage,Lohn,bér,piræ,
34,2948,perä,N,,CVCV,3.75,wage,Lohn,bér,peræ,
35,2950,pärä,N,,CVCV,3.0,wage,Lohn,bér,pæræ,
36,2952,powe,N,,CVCV,6.75,anthill,Ameisenhaufen,boly,powe,
39,2955,pewe,N,,CVCV,6.75,anthill,Ameisenhaufen,boly,pewe,
40,2958,piwe,N,,CVCV,6.5,anthill,Ameisenhaufen,boly,piwe,
42,2967,puwe,N,,CVCV,6.0,anthill,Ameisenhaufen,boly,puwe,
44,2970,powɜ,N,,CVCV,6.0,anthill,Ameisenhaufen,boly,powɜ,
45,2971,powa,N,,CVCV,6.0,anthill,Ameisenhaufen,boly,powa,
49,2975,pɜwe,N,,CVCV,6.0,anthill,Ameisenhaufen,boly,pɜwe,
52,2979,pewɜ,N,,CVCV,6.0,anthill,Ameisenhaufen,boly,pewɜ,
53,2980,pewa,N,,CVCV,6.0,anthill,Ameisenhaufen,boly,pewa,
54,2981,pawe,N,,CVCV,6.0,anthill,Ameisenhaufen,boly,pawe,
56,2988,piwɜ,N,,CVCV,5.75,anthill,Ameisenhaufen,boly,piwɜ,
57,2989,piwa,N,,CVCV,5.75,anthill,Ameisenhaufen,boly,piwa,
60,3006,puwɜ,N,,CVCV,5.25,anthill,Ameisenhaufen,boly,puwɜ,
61,3007,puwa,N,,CVCV,5.25,anthill,Ameisenhaufen,boly,puwa,
66,3014,pɜwɜ,N,,CVCV,5.25,anthill,Ameisenhaufen,boly,pɜwɜ,
67,3015,pɜwa,N,,CVCV,5.25,anthill,Ameisenhaufen,boly,pɜwa,
68,3018,pawɜ,N,,CVCV,5.25,anthill,Ameisenhaufen,boly,pawɜ,
69,3019,pawa,N,,CVCV,5.25,anthill,Ameisenhaufen,boly,pawa,
72,3024,powä,N,,CVCV,3.5,anthill,Ameisenhaufen,boly,powæ,
75,3027,pewä,N,,CVCV,3.5,anthill,Ameisenhaufen,boly,pewæ,
76,3030,piwä,N,,CVCV,3.25,anthill,Ameisenhaufen,boly,piwæ,
78,3039,puwä,N,,CVCV,2.75,anthill,Ameisenhaufen,boly,puwæ,
81,3043,pɜwä,N,,CVCV,2.75,anthill,Ameisenhaufen,boly,pɜwæ,
82,3045,pawä,N,,CVCV,2.75,anthill,Ameisenhaufen,boly,pawæ,
84,3112,pɜne,N,,CVCV,6.75,sin,Sünde,bűn,pɜne,
85,3113,pane,N,,CVCV,6.75,sin,Sünde,bűn,pane,
86,3114,pine,N,,CVCV,6.0,sin,Sünde,bűn,pine,
87,3115,pɜnɜ,N,,CVCV,6.0,sin,Sünde,bűn,pɜnɜ,
88,3116,pɜna,N,,CVCV,6.0,sin,Sünde,bűn,pɜna,
89,3117,päne,N,,CVCV,6.0,sin,Sünde,bűn,pæne,
90,3118,panɜ,N,,CVCV,6.0,sin,Sünde,bűn,panɜ,
91,3119,pana,N,,CVCV,6.0,sin,Sünde,bűn,pana,
92,3120,p¨ne,N,,CVCV,6.0,sin,Sünde,bűn,p¨ne,
93,3121,pinɜ,N,,CVCV,5.25,sin,Sünde,bűn,pinɜ,
94,3122,pina,N,,CVCV,5.25,sin,Sünde,bűn,pina,
95,3123,pänɜ,N,,CVCV,5.25,sin,Sünde,bűn,pænɜ,
96,3124,päna,N,,CVCV,5.25,sin,Sünde,bűn,pæna,
97,3125,p¨nɜ,N,,CVCV,5.25,sin,Sünde,bűn,p¨nɜ,
98,3126,p¨na,N,,CVCV,5.25,sin,Sünde,bűn,p¨na,
99,3127,pɜnä,N,,CVCV,3.5,sin,Sünde,bűn,pɜnæ,
100,3128,panä,N,,CVCV,3.5,sin,Sünde,bűn,panæ,
101,3129,pinä,N,,CVCV,2.75,sin,Sünde,bűn,pinæ,
102,3130,pänä,N,,CVCV,2.75,sin,Sünde,bűn,pænæ,
103,3131,p¨nä,N,,CVCV,2.75,sin,Sünde,bűn,p¨næ,
129,6701,kewe,N,,CVCV,12.0,place,Platz,hely,kewe,
131,6704,käwe,N,,CVCV,12.0,place,Platz,hely,kæwe,
132,6705,k¨we,N,,CVCV,12.0,place,Platz,hely,k¨we,
134,6708,kowe,N,,CVCV,11.75,place,Platz,hely,kowe,
138,6722,kewɜ,N,,CVCV,11.25,place,Platz,hely,kewɜ,
139,6723,kewa,N,,CVCV,11.25,place,Platz,hely,kewa,
142,6728,käwɜ,N,,CVCV,11.25,place,Platz,hely,kæwɜ,
143,6729,käwa,N,,CVCV,11.25,place,Platz,hely,kæwa,
144,6730,k¨wɜ,N,,CVCV,11.25,place,Platz,hely,k¨wɜ,
145,6731,k¨wa,N,,CVCV,11.25,place,Platz,hely,k¨wa,
148,6736,kowɜ,N,,CVCV,11.0,place,Platz,hely,kowɜ,
149,6737,kowa,N,,CVCV,11.0,place,Platz,hely,kowa,
153,6749,kewä,N,,CVCV,8.75,place,Platz,hely,kewæ,
155,6752,käwä,N,,CVCV,8.75,place,Platz,hely,kæwæ,
156,6753,k¨wä,N,,CVCV,8.75,place,Platz,hely,k¨wæ,
158,6756,kowä,N,,CVCV,8.5,place,Platz,hely,kowæ,
180,12924,kome,N,,CVCV,12.0,decoration,Verzierung,hím,kome,
181,12927,kime,N,,CVCV,12.0,decoration,Verzierung,hím,kime,
182,12930,kȣme,N,,CVCV,11.75,decoration,Verzierung,hím,kȣme,
184,12936,keme,N,,CVCV,11.75,decoration,Verzierung,hím,keme,
185,12939,komɜ,N,,CVCV,11.25,decoration,Verzierung,hím,komɜ,
186,12940,koma,N,,CVCV,11.25,decoration,Verzierung,hím,koma,
187,12945,kimɜ,N,,CVCV,11.25,decoration,Verzierung,hím,kimɜ,
188,12946,kima,N,,CVCV,11.25,decoration,Verzierung,hím,kima,
189,12951,kȣmɜ,N,,CVCV,11.0,decoration,Verzierung,hím,kȣmɜ,
190,12952,kȣma,N,,CVCV,11.0,decoration,Verzierung,hím,kȣma,
193,12963,kemɜ,N,,CVCV,11.0,decoration,Verzierung,hím,kemɜ,
194,12964,kema,N,,CVCV,11.0,decoration,Verzierung,hím,kema,
195,12969,komä,N,,CVCV,8.75,decoration,Verzierung,hím,komæ,
196,12972,kimä,N,,CVCV,8.75,decoration,Verzierung,hím,kimæ,
197,12975,kȣmä,N,,CVCV,8.5,decoration,Verzierung,hím,kȣmæ,
199,12981,kemä,N,,CVCV,8.5,decoration,Verzierung,hím,kemæ,
200,12984,kore,N,,CVCV,12.0,news,Nachrichten,hír,kore,
201,12986,kire,N,,CVCV,12.0,news,Nachrichten,hír,kire,
202,12988,kȣre,N,,CVCV,11.75,news,Nachrichten,hír,kȣre,
204,12992,kere,N,,CVCV,11.75,news,Nachrichten,hír,kere,
205,12994,korɜ,N,,CVCV,11.25,news,Nachrichten,hír,korɜ,
206,12995,kora,N,,CVCV,11.25,news,Nachrichten,hír,kora,
207,12998,kirɜ,N,,CVCV,11.25,news,Nachrichten,hír,kirɜ,
208,12999,kira,N,,CVCV,11.25,news,Nachrichten,hír,kira,
209,13002,kȣrɜ,N,,CVCV,11.0,news,Nachrichten,hír,kȣrɜ,
210,13003,kȣra,N,,CVCV,11.0,news,Nachrichten,hír,kȣra,
213,13010,kerɜ,N,,CVCV,11.0,news,Nachrichten,hír,kerɜ,
214,13011,kera,N,,CVCV,11.0,news,Nachrichten,hír,kera,
215,13014,korä,N,,CVCV,8.75,news,Nachrichten,hír,koræ,
216,13016,kirä,N,,CVCV,8.75,news,Nachrichten,hír,kiræ,
217,13018,kȣrä,N,,CVCV,8.5,news,Nachrichten,hír,kȣræ,
219,13022,kerä,N,,CVCV,8.5,news,Nachrichten,hír,keræ,
220,13024,kose,V,,CVCV,12.0,think,glauben,hisz,kose,
221,13025,koje,V,,CVCV,12.0,think,glauben,hisz,koje,
222,13026,kise,V,,CVCV,12.0,think,glauben,hisz,kise,
223,13027,kije,V,,CVCV,12.0,think,glauben,hisz,kije,
224,13028,kȣse,V,,CVCV,11.75,think,glauben,hisz,kȣse,
225,13029,kȣje,V,,CVCV,11.75,think,glauben,hisz,kȣje,
228,13032,kese,V,,CVCV,11.75,think,glauben,hisz,kese,
229,13033,keje,V,,CVCV,11.75,think,glauben,hisz,keje,
230,13034,kosɜ,V,,CVCV,11.25,think,glauben,hisz,kosɜ,
231,13035,kosa,V,,CVCV,11.25,think,glauben,hisz,kosa,
232,13036,kojɜ,V,,CVCV,11.25,think,glauben,hisz,kojɜ,
233,13037,koja,V,,CVCV,11.25,think,glauben,hisz,koja,
234,13038,kisɜ,V,,CVCV,11.25,think,glauben,hisz,kisɜ,
235,13039,kisa,V,,CVCV,11.25,think,glauben,hisz,kisa,
236,13040,kijɜ,V,,CVCV,11.25,think,glauben,hisz,kijɜ,
237,13041,kija,V,,CVCV,11.25,think,glauben,hisz,kija,
238,13042,kȣsɜ,V,,CVCV,11.0,think,glauben,hisz,kȣsɜ,
239,13043,kȣsa,V,,CVCV,11.0,think,glauben,hisz,kȣsa,
240,13044,kȣjɜ,V,,CVCV,11.0,think,glauben,hisz,kȣjɜ,
241,13045,kȣja,V,,CVCV,11.0,think,glauben,hisz,kȣja,
246,13050,kesɜ,V,,CVCV,11.0,think,glauben,hisz,kesɜ,
247,13051,kesa,V,,CVCV,11.0,think,glauben,hisz,kesa,
248,13052,kejɜ,V,,CVCV,11.0,think,glauben,hisz,kejɜ,
249,13053,keja,V,,CVCV,11.0,think,glauben,hisz,keja,
250,13054,kosä,V,,CVCV,8.75,think,glauben,hisz,kosæ,
251,13055,kojä,V,,CVCV,8.75,think,glauben,hisz,kojæ,
252,13056,kisä,V,,CVCV,8.75,think,glauben,hisz,kisæ,
253,13057,kijä,V,,CVCV,8.75,think,glauben,hisz,kijæ,
254,13058,kȣsä,V,,CVCV,8.5,think,glauben,hisz,kȣsæ,
255,13059,kȣjä,V,,CVCV,8.5,think,glauben,hisz,kȣjæ,
258,13062,kesä,V,,CVCV,8.5,think,glauben,hisz,kesæ,
259,13063,kejä,V,,CVCV,8.5,think,glauben,hisz,kejæ,
272,13677,kure,N,,CVCV,13.25,string,Schnur,húr,kure,
273,13679,kurɜ,N,,CVCV,12.5,string,Schnur,húr,kurɜ,
274,13680,kura,N,,CVCV,12.5,string,Schnur,húr,kura,
275,13683,kȣre,N,,CVCV,11.75,string,Schnur,húr,kȣre,
276,13685,kore,N,,CVCV,11.75,string,Schnur,húr,kore,
277,13687,kȣrɜ,N,,CVCV,11.0,string,Schnur,húr,kȣrɜ,
278,13688,kȣra,N,,CVCV,11.0,string,Schnur,húr,kȣra,
279,13691,korɜ,N,,CVCV,11.0,string,Schnur,húr,korɜ,
280,13692,kora,N,,CVCV,11.0,string,Schnur,húr,kora,
281,13695,kurä,N,,CVCV,10.0,string,Schnur,húr,kuræ,
282,13697,kȣrä,N,,CVCV,8.5,string,Schnur,húr,kȣræ,
283,13699,korä,N,,CVCV,8.5,string,Schnur,húr,koræ,
284,18531,sure,N,,CVCV,7.25,cream,Heilkrem,ír,sure,
285,18533,sore,N,,CVCV,7.25,cream,Heilkrem,ír,sore,
286,18535,sire,N,,CVCV,7.25,cream,Heilkrem,ír,sire,
288,18539,säre,N,,CVCV,7.25,cream,Heilkrem,ír,sære,
289,18541,surɜ,N,,CVCV,6.5,cream,Heilkrem,ír,surɜ,
290,18542,sura,N,,CVCV,6.5,cream,Heilkrem,ír,sura,
291,18545,sorɜ,N,,CVCV,6.5,cream,Heilkrem,ír,sorɜ,
292,18546,sora,N,,CVCV,6.5,cream,Heilkrem,ír,sora,
293,18549,sirɜ,N,,CVCV,6.5,cream,Heilkrem,ír,sirɜ,
294,18550,sira,N,,CVCV,6.5,cream,Heilkrem,ír,sira,
297,18557,särɜ,N,,CVCV,6.5,cream,Heilkrem,ír,særɜ,
298,18558,sära,N,,CVCV,6.5,cream,Heilkrem,ír,særa,
299,18561,jure,N,,CVCV,6.25,cream,Heilkrem,ír,jure,
300,18563,jore,N,,CVCV,6.25,cream,Heilkrem,ír,jore,
301,18565,jire,N,,CVCV,6.25,cream,Heilkrem,ír,jire,
303,18569,järe,N,,CVCV,6.25,cream,Heilkrem,ír,jære,
309,18581,mure,N,,CVCV,6.0,cream,Heilkrem,ír,mure,
310,18583,more,N,,CVCV,6.0,cream,Heilkrem,ír,more,
311,18585,mire,N,,CVCV,6.0,cream,Heilkrem,ír,mire,
313,18589,märe,N,,CVCV,6.0,cream,Heilkrem,ír,mære,
314,18591,jurɜ,N,,CVCV,5.5,cream,Heilkrem,ír,jurɜ,
315,18592,jura,N,,CVCV,5.5,cream,Heilkrem,ír,jura,
316,18595,jorɜ,N,,CVCV,5.5,cream,Heilkrem,ír,jorɜ,
317,18596,jora,N,,CVCV,5.5,cream,Heilkrem,ír,jora,
318,18599,jirɜ,N,,CVCV,5.5,cream,Heilkrem,ír,jirɜ,
319,18600,jira,N,,CVCV,5.5,cream,Heilkrem,ír,jira,
322,18607,järɜ,N,,CVCV,5.5,cream,Heilkrem,ír,jærɜ,
323,18608,jära,N,,CVCV,5.5,cream,Heilkrem,ír,jæra,
334,18641,murɜ,N,,CVCV,5.25,cream,Heilkrem,ír,murɜ,
335,18642,mura,N,,CVCV,5.25,cream,Heilkrem,ír,mura,
336,18645,morɜ,N,,CVCV,5.25,cream,Heilkrem,ír,morɜ,
337,18646,mora,N,,CVCV,5.25,cream,Heilkrem,ír,mora,
338,18649,mirɜ,N,,CVCV,5.25,cream,Heilkrem,ír,mirɜ,
339,18650,mira,N,,CVCV,5.25,cream,Heilkrem,ír,mira,
342,18657,märɜ,N,,CVCV,5.25,cream,Heilkrem,ír,mærɜ,
343,18658,mära,N,,CVCV,5.25,cream,Heilkrem,ír,mæra,
344,18661,surä,N,,CVCV,4.0,cream,Heilkrem,ír,suræ,
345,18663,sorä,N,,CVCV,4.0,cream,Heilkrem,ír,soræ,
346,18665,sirä,N,,CVCV,4.0,cream,Heilkrem,ír,siræ,
348,18669,särä,N,,CVCV,4.0,cream,Heilkrem,ír,særæ,
349,18671,jurä,N,,CVCV,3.0,cream,Heilkrem,ír,juræ,
350,18673,jorä,N,,CVCV,3.0,cream,Heilkrem,ír,joræ,
351,18675,jirä,N,,CVCV,3.0,cream,Heilkrem,ír,jiræ,
353,18679,järä,N,,CVCV,3.0,cream,Heilkrem,ír,jæræ,
359,18691,murä,N,,CVCV,2.75,cream,Heilkrem,ír,muræ,
360,18693,morä,N,,CVCV,2.75,cream,Heilkrem,ír,moræ,
361,18695,mirä,N,,CVCV,2.75,cream,Heilkrem,ír,miræ,
363,18699,märä,N,,CVCV,2.75,cream,Heilkrem,ír,mæræ,
364,20345,kene,N,,CVCV,10.0,bore,Eber,kan,kene,
365,20346,kenɜ,N,,CVCV,9.25,bore,Eber,kan,kenɜ,
366,20347,kena,N,,CVCV,9.25,bore,Eber,kan,kena,
367,20348,kane,N,,CVCV,9.25,bore,Eber,kan,kane,
368,20349,kanɜ,N,,CVCV,8.5,bore,Eber,kan,kanɜ,
369,20350,kana,N,,CVCV,8.5,bore,Eber,kan,kana,
370,20351,kune,N,,CVCV,8.0,bore,Eber,kan,kune,
371,20352,kone,N,,CVCV,7.5,bore,Eber,kan,kone,
372,20353,kunɜ,N,,CVCV,7.25,bore,Eber,kan,kunɜ,
373,20354,kuna,N,,CVCV,7.25,bore,Eber,kan,kuna,
374,20355,kȣne,N,,CVCV,7.25,bore,Eber,kan,kȣne,
375,20356,konɜ,N,,CVCV,6.75,bore,Eber,kan,konɜ,
376,20357,kona,N,,CVCV,6.75,bore,Eber,kan,kona,
377,20358,kɜne,N,,CVCV,6.75,bore,Eber,kan,kɜne,
378,20359,kenä,N,,CVCV,6.75,bore,Eber,kan,kenæ,
379,20360,kȣnɜ,N,,CVCV,6.5,bore,Eber,kan,kȣnɜ,
380,20361,kȣna,N,,CVCV,6.5,bore,Eber,kan,kȣna,
381,20362,kɜnɜ,N,,CVCV,6.0,bore,Eber,kan,kɜnɜ,
382,20363,kɜna,N,,CVCV,6.0,bore,Eber,kan,kɜna,
383,20364,kanä,N,,CVCV,6.0,bore,Eber,kan,kanæ,
384,20365,kunä,N,,CVCV,4.75,bore,Eber,kan,kunæ,
385,20366,konä,N,,CVCV,4.25,bore,Eber,kan,konæ,
386,20367,kȣnä,N,,CVCV,4.0,bore,Eber,kan,kȣnæ,
387,20368,kɜnä,N,,CVCV,3.5,bore,Eber,kan,kɜnæ,
388,27057,kime,N,,CVCV,7.5,spy,Spion,kém,kime,
389,27060,keme,N,,CVCV,7.5,spy,Spion,kém,keme,
390,27063,kimɜ,N,,CVCV,6.75,spy,Spion,kém,kimɜ,
391,27064,kima,N,,CVCV,6.75,spy,Spion,kém,kima,
392,27069,kemɜ,N,,CVCV,6.75,spy,Spion,kém,kemɜ,
393,27070,kema,N,,CVCV,6.75,spy,Spion,kém,kema,
394,27075,käme,N,,CVCV,6.75,spy,Spion,kém,kæme,
395,27078,kämɜ,N,,CVCV,6.0,spy,Spion,kém,kæmɜ,
396,27079,käma,N,,CVCV,6.0,spy,Spion,kém,kæma,
397,27084,kimä,N,,CVCV,4.25,spy,Spion,kém,kimæ,
398,27087,kemä,N,,CVCV,4.25,spy,Spion,kém,kemæ,
399,27090,kämä,N,,CVCV,3.5,spy,Spion,kém,kæmæ,
400,27093,käne,V,,CVCV,7.5,lubricate,einschmieren,ken,kæne,
401,27094,kone,V,,CVCV,7.25,lubricate,einschmieren,ken,kone,
402,27095,känɜ,V,,CVCV,6.75,lubricate,einschmieren,ken,kænɜ,
403,27096,käna,V,,CVCV,6.75,lubricate,einschmieren,ken,kæna,
404,27097,k¨ne,V,,CVCV,6.75,lubricate,einschmieren,ken,k¨ne,
405,27098,konɜ,V,,CVCV,6.5,lubricate,einschmieren,ken,konɜ,
406,27099,kona,V,,CVCV,6.5,lubricate,einschmieren,ken,kona,
407,27100,kene,V,,CVCV,6.5,lubricate,einschmieren,ken,kene,
408,27101,k¨nɜ,V,,CVCV,6.0,lubricate,einschmieren,ken,k¨nɜ,
409,27102,k¨na,V,,CVCV,6.0,lubricate,einschmieren,ken,k¨na,
410,27103,kenɜ,V,,CVCV,5.75,lubricate,einschmieren,ken,kenɜ,
411,27104,kena,V,,CVCV,5.75,lubricate,einschmieren,ken,kena,
412,27105,känä,V,,CVCV,4.25,lubricate,einschmieren,ken,kænæ,
413,27106,konä,V,,CVCV,4.0,lubricate,einschmieren,ken,konæ,
414,27107,k¨nä,V,,CVCV,3.5,lubricate,einschmieren,ken,k¨næ,
415,27108,kenä,V,,CVCV,3.25,lubricate,einschmieren,ken,kenæ,
416,27109,kine,N,,CVCV,7.5,sulfur,Schwefel,kén,kine,
417,27110,kene,N,,CVCV,7.5,sulfur,Schwefel,kén,kene,
418,27111,kinɜ,N,,CVCV,6.75,sulfur,Schwefel,kén,kinɜ,
419,27112,kina,N,,CVCV,6.75,sulfur,Schwefel,kén,kina,
420,27113,kenɜ,N,,CVCV,6.75,sulfur,Schwefel,kén,kenɜ,
421,27114,kena,N,,CVCV,6.75,sulfur,Schwefel,kén,kena,
422,27115,käne,N,,CVCV,6.75,sulfur,Schwefel,kén,kæne,
423,27116,känɜ,N,,CVCV,6.0,sulfur,Schwefel,kén,kænɜ,
424,27117,käna,N,,CVCV,6.0,sulfur,Schwefel,kén,kæna,
425,27118,kinä,N,,CVCV,4.25,sulfur,Schwefel,kén,kinæ,
426,27119,kenä,N,,CVCV,4.25,sulfur,Schwefel,kén,kenæ,
427,27120,känä,N,,CVCV,3.5,sulfur,Schwefel,kén,kænæ,
436,27425,kire,N,,CVCV,6.75,horn,Horn,kürt,kire,
437,27426,kɜre,N,,CVCV,6.5,horn,Horn,kürt,kɜre,
438,27427,käre,N,,CVCV,6.5,horn,Horn,kürt,kære,
439,27428,kare,N,,CVCV,6.5,horn,Horn,kürt,kare,
440,27429,k¨re,N,,CVCV,6.5,horn,Horn,kürt,k¨re,
441,27430,kirɜ,N,,CVCV,6.0,horn,Horn,kürt,kirɜ,
442,27431,kira,N,,CVCV,6.0,horn,Horn,kürt,kira,
443,27432,kɜrɜ,N,,CVCV,5.75,horn,Horn,kürt,kɜrɜ,
444,27433,kɜra,N,,CVCV,5.75,horn,Horn,kürt,kɜra,
445,27434,kärɜ,N,,CVCV,5.75,horn,Horn,kürt,kærɜ,
446,27435,kära,N,,CVCV,5.75,horn,Horn,kürt,kæra,
447,27436,karɜ,N,,CVCV,5.75,horn,Horn,kürt,karɜ,
448,27437,kara,N,,CVCV,5.75,horn,Horn,kürt,kara,
449,27438,k¨rɜ,N,,CVCV,5.75,horn,Horn,kürt,k¨rɜ,
450,27439,k¨ra,N,,CVCV,5.75,horn,Horn,kürt,k¨ra,
451,27440,kirä,N,,CVCV,3.5,horn,Horn,kürt,kiræ,
452,27441,kɜrä,N,,CVCV,3.25,horn,Horn,kürt,kɜræ,
453,27442,kärä,N,,CVCV,3.25,horn,Horn,kürt,kæræ,
454,27443,karä,N,,CVCV,3.25,horn,Horn,kürt,karæ,
455,27444,k¨rä,N,,CVCV,3.25,horn,Horn,kürt,k¨ræ,
456,31393,mine,N,,CVCV,9.0,stallions,Hengste,mén,mine,
457,31394,mene,N,,CVCV,9.0,stallions,Hengste,mén,mene,
458,31395,minɜ,N,,CVCV,8.25,stallions,Hengste,mén,minɜ,
459,31396,mina,N,,CVCV,8.25,stallions,Hengste,mén,mina,
460,31397,menɜ,N,,CVCV,8.25,stallions,Hengste,mén,menɜ,
461,31398,mena,N,,CVCV,8.25,stallions,Hengste,mén,mena,
462,31399,mäne,N,,CVCV,8.25,stallions,Hengste,mén,mæne,
463,31400,mänɜ,N,,CVCV,7.5,stallions,Hengste,mén,mænɜ,
464,31401,mäna,N,,CVCV,7.5,stallions,Hengste,mén,mæna,
465,31402,minä,N,,CVCV,5.75,stallions,Hengste,mén,minæ,
466,31403,menä,N,,CVCV,5.75,stallions,Hengste,mén,menæ,
467,31404,mänä,N,,CVCV,5.0,stallions,Hengste,mén,mænæ,
468,31405,mise,N,,CVCV,9.0,lime,Kalk,mész,mise,
469,31406,mije,N,,CVCV,9.0,lime,Kalk,mész,mije,
470,31407,mese,N,,CVCV,9.0,lime,Kalk,mész,mese,
471,31408,meje,N,,CVCV,9.0,lime,Kalk,mész,meje,
472,31409,misɜ,N,,CVCV,8.25,lime,Kalk,mész,misɜ,
473,31410,misa,N,,CVCV,8.25,lime,Kalk,mész,misa,
474,31411,mijɜ,N,,CVCV,8.25,lime,Kalk,mész,mijɜ,
475,31412,mija,N,,CVCV,8.25,lime,Kalk,mész,mija,
476,31413,mesɜ,N,,CVCV,8.25,lime,Kalk,mész,mesɜ,
477,31414,mesa,N,,CVCV,8.25,lime,Kalk,mész,mesa,
478,31415,mejɜ,N,,CVCV,8.25,lime,Kalk,mész,mejɜ,
479,31416,meja,N,,CVCV,8.25,lime,Kalk,mész,meja,
480,31417,mäse,N,,CVCV,8.25,lime,Kalk,mész,mæse,
481,31418,mäje,N,,CVCV,8.25,lime,Kalk,mész,mæje,
482,31419,mäsɜ,N,,CVCV,7.5,lime,Kalk,mész,mæsɜ,
483,31420,mäsa,N,,CVCV,7.5,lime,Kalk,mész,mæsa,
484,31421,mäjɜ,N,,CVCV,7.5,lime,Kalk,mész,mæjɜ,
485,31422,mäja,N,,CVCV,7.5,lime,Kalk,mész,mæja,
486,31423,misä,N,,CVCV,5.75,lime,Kalk,mész,misæ,
487,31424,mijä,N,,CVCV,5.75,lime,Kalk,mész,mijæ,
488,31425,mesä,N,,CVCV,5.75,lime,Kalk,mész,mesæ,
489,31426,mejä,N,,CVCV,5.75,lime,Kalk,mész,mejæ,
490,31427,mäsä,N,,CVCV,5.0,lime,Kalk,mész,mæsæ,
491,31428,mäjä,N,,CVCV,5.0,lime,Kalk,mész,mæjæ,
492,32397,nase,N,,CVCV,6.75,honeymoon,Flitterwochen,nász,nase,
493,32398,naje,N,,CVCV,6.75,honeymoon,Flitterwochen,nász,naje,
494,32399,nuse,N,,CVCV,6.5,honeymoon,Flitterwochen,nász,nuse,
495,32400,nuje,N,,CVCV,6.5,honeymoon,Flitterwochen,nász,nuje,
496,32401,nɜse,N,,CVCV,6.25,honeymoon,Flitterwochen,nász,nɜse,
497,32402,nɜje,N,,CVCV,6.25,honeymoon,Flitterwochen,nász,nɜje,
498,32403,nasɜ,N,,CVCV,6.0,honeymoon,Flitterwochen,nász,nasɜ,
499,32404,nasa,N,,CVCV,6.0,honeymoon,Flitterwochen,nász,nasa,
500,32405,najɜ,N,,CVCV,6.0,honeymoon,Flitterwochen,nász,najɜ,
501,32406,naja,N,,CVCV,6.0,honeymoon,Flitterwochen,nász,naja,
502,32407,nusɜ,N,,CVCV,5.75,honeymoon,Flitterwochen,nász,nusɜ,
503,32408,nusa,N,,CVCV,5.75,honeymoon,Flitterwochen,nász,nusa,
504,32409,nujɜ,N,,CVCV,5.75,honeymoon,Flitterwochen,nász,nujɜ,
505,32410,nuja,N,,CVCV,5.75,honeymoon,Flitterwochen,nász,nuja,
506,32411,nɜsɜ,N,,CVCV,5.5,honeymoon,Flitterwochen,nász,nɜsɜ,
507,32412,nɜsa,N,,CVCV,5.5,honeymoon,Flitterwochen,nász,nɜsa,
508,32413,nɜjɜ,N,,CVCV,5.5,honeymoon,Flitterwochen,nász,nɜjɜ,
509,32414,nɜja,N,,CVCV,5.5,honeymoon,Flitterwochen,nász,nɜja,
510,32415,nasä,N,,CVCV,3.5,honeymoon,Flitterwochen,nász,nasæ,
511,32416,najä,N,,CVCV,3.5,honeymoon,Flitterwochen,nász,najæ,
512,32417,nusä,N,,CVCV,3.25,honeymoon,Flitterwochen,nász,nusæ,
513,32418,nujä,N,,CVCV,3.25,honeymoon,Flitterwochen,nász,nujæ,
514,32419,nɜsä,N,,CVCV,3.0,honeymoon,Flitterwochen,nász,nɜsæ,
515,32420,nɜjä,N,,CVCV,3.0,honeymoon,Flitterwochen,nász,nɜjæ,
516,33669,neme,N,,CVCV,6.5,sex,Geschlecht,nem,neme,
517,33672,n¨me,N,,CVCV,6.5,sex,Geschlecht,nem,n¨me,
518,33675,nome,N,,CVCV,6.25,sex,Geschlecht,nem,nome,
519,33678,näme,N,,CVCV,6.25,sex,Geschlecht,nem,næme,
520,33681,nemɜ,N,,CVCV,5.75,sex,Geschlecht,nem,nemɜ,
521,33682,nema,N,,CVCV,5.75,sex,Geschlecht,nem,nema,
522,33687,n¨mɜ,N,,CVCV,5.75,sex,Geschlecht,nem,n¨mɜ,
523,33688,n¨ma,N,,CVCV,5.75,sex,Geschlecht,nem,n¨ma,
524,33693,nomɜ,N,,CVCV,5.5,sex,Geschlecht,nem,nomɜ,
525,33694,noma,N,,CVCV,5.5,sex,Geschlecht,nem,noma,
526,33699,nämɜ,N,,CVCV,5.5,sex,Geschlecht,nem,næmɜ,
527,33700,näma,N,,CVCV,5.5,sex,Geschlecht,nem,næma,
528,33705,nemä,N,,CVCV,3.25,sex,Geschlecht,nem,nemæ,
529,33708,n¨mä,N,,CVCV,3.25,sex,Geschlecht,nem,n¨mæ,
530,33711,nomä,N,,CVCV,3.0,sex,Geschlecht,nem,nomæ,
531,33714,nämä,N,,CVCV,3.0,sex,Geschlecht,nem,næmæ,
547,33749,nawe,N,,CVCV,6.5,flock,Herde,nyáj,nawe,
550,33753,nuwe,N,,CVCV,6.25,flock,Herde,nyáj,nuwe,
552,33756,nɜwe,N,,CVCV,6.25,flock,Herde,nyáj,nɜwe,
554,33768,nawɜ,N,,CVCV,5.75,flock,Herde,nyáj,nawɜ,
555,33769,nawa,N,,CVCV,5.75,flock,Herde,nyáj,nawa,
560,33776,nuwɜ,N,,CVCV,5.5,flock,Herde,nyáj,nuwɜ,
561,33777,nuwa,N,,CVCV,5.5,flock,Herde,nyáj,nuwa,
564,33782,nɜwɜ,N,,CVCV,5.5,flock,Herde,nyáj,nɜwɜ,
565,33783,nɜwa,N,,CVCV,5.5,flock,Herde,nyáj,nɜwa,
573,33803,nawä,N,,CVCV,3.25,flock,Herde,nyáj,nawæ,
576,33807,nuwä,N,,CVCV,3.0,flock,Herde,nyáj,nuwæ,
578,33810,nɜwä,N,,CVCV,3.0,flock,Herde,nyáj,nɜwæ,
620,34180,sise,Adj,,CVCV,7.25,grey-haired,grauhaarig,ősz,sise,
621,34181,sije,Adj,,CVCV,7.25,grey-haired,grauhaarig,ősz,sije,
622,34182,sisɜ,Adj,,CVCV,6.5,grey-haired,grauhaarig,ősz,sisɜ,
623,34183,sisa,Adj,,CVCV,6.5,grey-haired,grauhaarig,ősz,sisa,
624,34184,sijɜ,Adj,,CVCV,6.5,grey-haired,grauhaarig,ősz,sijɜ,
625,34185,sija,Adj,,CVCV,6.5,grey-haired,grauhaarig,ősz,sija,
626,34186,jise,Adj,,CVCV,6.25,grey-haired,grauhaarig,ősz,jise,
627,34187,jije,Adj,,CVCV,6.25,grey-haired,grauhaarig,ősz,jije,
630,34190,mise,Adj,,CVCV,6.0,grey-haired,grauhaarig,ősz,mise,
631,34191,mije,Adj,,CVCV,6.0,grey-haired,grauhaarig,ősz,mije,
632,34192,jisɜ,Adj,,CVCV,5.5,grey-haired,grauhaarig,ősz,jisɜ,
633,34193,jisa,Adj,,CVCV,5.5,grey-haired,grauhaarig,ősz,jisa,
634,34194,jijɜ,Adj,,CVCV,5.5,grey-haired,grauhaarig,ősz,jijɜ,
635,34195,jija,Adj,,CVCV,5.5,grey-haired,grauhaarig,ősz,jija,
640,34202,misɜ,Adj,,CVCV,5.25,grey-haired,grauhaarig,ősz,misɜ,
641,34203,misa,Adj,,CVCV,5.25,grey-haired,grauhaarig,ősz,misa,
642,34204,mijɜ,Adj,,CVCV,5.25,grey-haired,grauhaarig,ősz,mijɜ,
643,34205,mija,Adj,,CVCV,5.25,grey-haired,grauhaarig,ősz,mija,
644,34206,sisä,Adj,,CVCV,4.0,grey-haired,grauhaarig,ősz,sisæ,
645,34207,sijä,Adj,,CVCV,4.0,grey-haired,grauhaarig,ősz,sijæ,
646,34208,jisä,Adj,,CVCV,3.0,grey-haired,grauhaarig,ősz,jisæ,
647,34209,jijä,Adj,,CVCV,3.0,grey-haired,grauhaarig,ősz,jijæ,
650,34212,misä,Adj,,CVCV,2.75,grey-haired,grauhaarig,ősz,misæ,
651,34213,mijä,Adj,,CVCV,2.75,grey-haired,grauhaarig,ősz,mijæ,
652,34215,jipe,N,,CVCV,8.75,deer,Reh,őz,jipe,
653,34219,jipɜ,N,,CVCV,8.0,deer,Reh,őz,jipɜ,
654,34220,jipa,N,,CVCV,8.0,deer,Reh,őz,jipa,
658,34226,jite,N,,CVCV,6.5,deer,Reh,őz,jite,
659,34227,sipe,N,,CVCV,6.25,deer,Reh,őz,sipe,
660,34228,mite,N,,CVCV,6.25,deer,Reh,őz,mite,
661,34229,mipe,N,,CVCV,6.25,deer,Reh,őz,mipe,
663,34231,site,N,,CVCV,6.0,deer,Reh,őz,site,
664,34232,jitɜ,N,,CVCV,5.75,deer,Reh,őz,jitɜ,
665,34233,jita,N,,CVCV,5.75,deer,Reh,őz,jita,
666,34235,sipɜ,N,,CVCV,5.5,deer,Reh,őz,sipɜ,
667,34236,sipa,N,,CVCV,5.5,deer,Reh,őz,sipa,
668,34237,mitɜ,N,,CVCV,5.5,deer,Reh,őz,mitɜ,
669,34238,mita,N,,CVCV,5.5,deer,Reh,őz,mita,
670,34239,mipɜ,N,,CVCV,5.5,deer,Reh,őz,mipɜ,
671,34240,mipa,N,,CVCV,5.5,deer,Reh,őz,mipa,
672,34241,jipä,N,,CVCV,5.5,deer,Reh,őz,jipæ,
675,34245,sitɜ,N,,CVCV,5.25,deer,Reh,őz,sitɜ,
676,34246,sita,N,,CVCV,5.25,deer,Reh,őz,sita,
678,34248,jitä,N,,CVCV,3.25,deer,Reh,őz,jitæ,
679,34249,sipä,N,,CVCV,3.0,deer,Reh,őz,sipæ,
680,34250,mitä,N,,CVCV,3.0,deer,Reh,őz,mitæ,
681,34251,mipä,N,,CVCV,3.0,deer,Reh,őz,mipæ,
683,34253,sitä,N,,CVCV,2.75,deer,Reh,őz,sitæ,
796,52842,tole,V,,CVCV,11.75,push,schieben,tol,tole,
797,52843,teme,V,,CVCV,11.75,push,schieben,tol,teme,
798,52845,tiδe,V,,CVCV,11.25,push,schieben,tol,tiðe,
799,52847,tolɜ,V,,CVCV,11.0,push,schieben,tol,tolɜ,
800,52848,tola,V,,CVCV,11.0,push,schieben,tol,tola,
801,52849,temɜ,V,,CVCV,11.0,push,schieben,tol,temɜ,
802,52850,tema,V,,CVCV,11.0,push,schieben,tol,tema,
803,52853,tiδɜ,V,,CVCV,10.5,push,schieben,tol,tiðɜ,
804,52854,tiδa,V,,CVCV,10.5,push,schieben,tol,tiða,
805,52857,toδe,V,,CVCV,9.25,push,schieben,tol,toðe,
806,52859,tome,V,,CVCV,9.0,push,schieben,tol,tome,
807,52861,time,V,,CVCV,9.0,push,schieben,tol,time,
808,52862,tɜle,V,,CVCV,9.0,push,schieben,tol,tɜle,
809,52863,tɜδe,V,,CVCV,9.0,push,schieben,tol,tɜðe,
810,52864,tele,V,,CVCV,9.0,push,schieben,tol,tele,
811,52865,tule,V,,CVCV,8.75,push,schieben,tol,tule,
812,52866,tɜme,V,,CVCV,8.75,push,schieben,tol,tɜme,
813,52867,tale,V,,CVCV,8.75,push,schieben,tol,tale,
814,52868,tume,V,,CVCV,8.5,push,schieben,tol,tume,
815,52869,tuδe,V,,CVCV,8.5,push,schieben,tol,tuðe,
816,52870,tolä,V,,CVCV,8.5,push,schieben,tol,tolæ,
817,52871,toδɜ,V,,CVCV,8.5,push,schieben,tol,toðɜ,
818,52872,toδa,V,,CVCV,8.5,push,schieben,tol,toða,
819,52874,tile,V,,CVCV,8.5,push,schieben,tol,tile,
820,52876,temä,V,,CVCV,8.5,push,schieben,tol,temæ,
821,52879,teδe,V,,CVCV,8.5,push,schieben,tol,teðe,
822,52880,tame,V,,CVCV,8.5,push,schieben,tol,tame,
823,52881,taδe,V,,CVCV,8.5,push,schieben,tol,taðe,
824,52882,tomɜ,V,,CVCV,8.25,push,schieben,tol,tomɜ,
825,52883,toma,V,,CVCV,8.25,push,schieben,tol,toma,
826,52886,timɜ,V,,CVCV,8.25,push,schieben,tol,timɜ,
827,52887,tima,V,,CVCV,8.25,push,schieben,tol,tima,
828,52888,tɜlɜ,V,,CVCV,8.25,push,schieben,tol,tɜlɜ,
829,52889,tɜla,V,,CVCV,8.25,push,schieben,tol,tɜla,
830,52890,tɜδɜ,V,,CVCV,8.25,push,schieben,tol,tɜðɜ,
831,52891,tɜδa,V,,CVCV,8.25,push,schieben,tol,tɜða,
832,52892,telɜ,V,,CVCV,8.25,push,schieben,tol,telɜ,
833,52893,tela,V,,CVCV,8.25,push,schieben,tol,tela,
834,52895,tulɜ,V,,CVCV,8.0,push,schieben,tol,tulɜ,
835,52896,tula,V,,CVCV,8.0,push,schieben,tol,tula,
836,52897,tiδä,V,,CVCV,8.0,push,schieben,tol,tiðæ,
837,52898,tɜmɜ,V,,CVCV,8.0,push,schieben,tol,tɜmɜ,
838,52899,tɜma,V,,CVCV,8.0,push,schieben,tol,tɜma,
839,52901,talɜ,V,,CVCV,8.0,push,schieben,tol,talɜ,
840,52902,tala,V,,CVCV,8.0,push,schieben,tol,tala,
841,52903,tumɜ,V,,CVCV,7.75,push,schieben,tol,tumɜ,
842,52904,tuma,V,,CVCV,7.75,push,schieben,tol,tuma,
843,52905,tuδɜ,V,,CVCV,7.75,push,schieben,tol,tuðɜ,
844,52906,tuδa,V,,CVCV,7.75,push,schieben,tol,tuða,
845,52909,tilɜ,V,,CVCV,7.75,push,schieben,tol,tilɜ,
846,52910,tila,V,,CVCV,7.75,push,schieben,tol,tila,
847,52913,teδɜ,V,,CVCV,7.75,push,schieben,tol,teðɜ,
848,52914,teδa,V,,CVCV,7.75,push,schieben,tol,teða,
849,52915,tamɜ,V,,CVCV,7.75,push,schieben,tol,tamɜ,
850,52916,tama,V,,CVCV,7.75,push,schieben,tol,tama,
851,52917,taδɜ,V,,CVCV,7.75,push,schieben,tol,taðɜ,
852,52918,taδa,V,,CVCV,7.75,push,schieben,tol,taða,
853,52919,toδä,V,,CVCV,6.0,push,schieben,tol,toðæ,
854,52921,tomä,V,,CVCV,5.75,push,schieben,tol,tomæ,
855,52923,timä,V,,CVCV,5.75,push,schieben,tol,timæ,
856,52924,tɜlä,V,,CVCV,5.75,push,schieben,tol,tɜlæ,
857,52925,tɜδä,V,,CVCV,5.75,push,schieben,tol,tɜðæ,
858,52926,telä,V,,CVCV,5.75,push,schieben,tol,telæ,
859,52927,tulä,V,,CVCV,5.5,push,schieben,tol,tulæ,
860,52928,tɜmä,V,,CVCV,5.5,push,schieben,tol,tɜmæ,
861,52929,talä,V,,CVCV,5.5,push,schieben,tol,talæ,
862,52930,tumä,V,,CVCV,5.25,push,schieben,tol,tumæ,
863,52931,tuδä,V,,CVCV,5.25,push,schieben,tol,tuðæ,
864,52933,tilä,V,,CVCV,5.25,push,schieben,tol,tilæ,
865,52935,teδä,V,,CVCV,5.25,push,schieben,tol,teðæ,
866,52936,tamä,V,,CVCV,5.25,push,schieben,tol,tamæ,
867,52937,taδä,V,,CVCV,5.25,push,schieben,tol,taðæ,
868,52938,tire,V,,CVCV,9.0,break,brechen,tör,tire,
869,52940,tere,V,,CVCV,8.75,break,brechen,tör,tere,
870,52942,tare,V,,CVCV,8.75,break,brechen,tör,tare,
871,52944,täre,V,,CVCV,8.5,break,brechen,tör,tære,
872,52946,tirɜ,V,,CVCV,8.25,break,brechen,tör,tirɜ,
873,52947,tira,V,,CVCV,8.25,break,brechen,tör,tira,
874,52950,terɜ,V,,CVCV,8.0,break,brechen,tör,terɜ,
875,52951,tera,V,,CVCV,8.0,break,brechen,tör,tera,
876,52954,tarɜ,V,,CVCV,8.0,break,brechen,tör,tarɜ,
877,52955,tara,V,,CVCV,8.0,break,brechen,tör,tara,
878,52958,tärɜ,V,,CVCV,7.75,break,brechen,tör,tærɜ,
879,52959,tära,V,,CVCV,7.75,break,brechen,tör,tæra,
880,52962,tirä,V,,CVCV,5.75,break,brechen,tör,tiræ,
881,52964,terä,V,,CVCV,5.5,break,brechen,tör,teræ,
882,52966,tarä,V,,CVCV,5.5,break,brechen,tör,taræ,
883,52968,tärä,V,,CVCV,5.25,break,brechen,tör,tæræ,
884,53042,tiwe,N,,CVCV,4.0,lungs,Lunge,tüdő,tiwe,
885,53045,täwe,N,,CVCV,4.0,lungs,Lunge,tüdő,tæwe,
886,53048,t¨we,N,,CVCV,4.0,lungs,Lunge,tüdő,t¨we,
887,53051,tɜwe,N,,CVCV,3.75,lungs,Lunge,tüdő,tɜwe,
888,53054,tawe,N,,CVCV,3.75,lungs,Lunge,tüdő,tawe,
889,53057,tuse,N,,CVCV,10.0,hostage,Geisel,túsz,tuse,
890,53058,tuje,N,,CVCV,10.0,hostage,Geisel,túsz,tuje,
891,53059,tusɜ,N,,CVCV,9.25,hostage,Geisel,túsz,tusɜ,
892,53060,tusa,N,,CVCV,9.25,hostage,Geisel,túsz,tusa,
893,53061,tujɜ,N,,CVCV,9.25,hostage,Geisel,túsz,tujɜ,
894,53062,tuja,N,,CVCV,9.25,hostage,Geisel,túsz,tuja,
895,53063,tȣse,N,,CVCV,8.5,hostage,Geisel,túsz,tȣse,
896,53064,tȣje,N,,CVCV,8.5,hostage,Geisel,túsz,tȣje,
897,53065,tose,N,,CVCV,8.5,hostage,Geisel,túsz,tose,
898,53066,toje,N,,CVCV,8.5,hostage,Geisel,túsz,toje,
899,53067,tȣsɜ,N,,CVCV,7.75,hostage,Geisel,túsz,tȣsɜ,
900,53068,tȣsa,N,,CVCV,7.75,hostage,Geisel,túsz,tȣsa,
901,53069,tȣjɜ,N,,CVCV,7.75,hostage,Geisel,túsz,tȣjɜ,
902,53070,tȣja,N,,CVCV,7.75,hostage,Geisel,túsz,tȣja,
903,53071,tosɜ,N,,CVCV,7.75,hostage,Geisel,túsz,tosɜ,
904,53072,tosa,N,,CVCV,7.75,hostage,Geisel,túsz,tosa,
905,53073,tojɜ,N,,CVCV,7.75,hostage,Geisel,túsz,tojɜ,
906,53074,toja,N,,CVCV,7.75,hostage,Geisel,túsz,toja,
907,53075,tusä,N,,CVCV,6.75,hostage,Geisel,túsz,tusæ,
908,53076,tujä,N,,CVCV,6.75,hostage,Geisel,túsz,tujæ,
909,53077,tȣsä,N,,CVCV,5.25,hostage,Geisel,túsz,tȣsæ,
910,53078,tȣjä,N,,CVCV,5.25,hostage,Geisel,túsz,tȣjæ,
911,53079,tosä,N,,CVCV,5.25,hostage,Geisel,túsz,tosæ,
912,53080,tojä,N,,CVCV,5.25,hostage,Geisel,túsz,tojæ,
913,53945,june,V,,CVCV,10.0,"be tired of, be fed up","überdrüssig sein, etwas satt haben",un,june,
914,53947,junɜ,V,,CVCV,9.25,"be tired of, be fed up","überdrüssig sein, etwas satt haben",un,junɜ,
915,53948,juna,V,,CVCV,9.25,"be tired of, be fed up","überdrüssig sein, etwas satt haben",un,juna,
916,53949,jone,V,,CVCV,9.25,"be tired of, be fed up","überdrüssig sein, etwas satt haben",un,jone,
917,53953,jonɜ,V,,CVCV,8.5,"be tired of, be fed up","überdrüssig sein, etwas satt haben",un,jonɜ,
918,53954,jona,V,,CVCV,8.5,"be tired of, be fed up","überdrüssig sein, etwas satt haben",un,jona,
919,53957,sune,V,,CVCV,7.5,"be tired of, be fed up","überdrüssig sein, etwas satt haben",un,sune,
920,53958,mune,V,,CVCV,7.0,"be tired of, be fed up","überdrüssig sein, etwas satt haben",un,mune,
922,53960,sunɜ,V,,CVCV,6.75,"be tired of, be fed up","überdrüssig sein, etwas satt haben",un,sunɜ,
923,53961,suna,V,,CVCV,6.75,"be tired of, be fed up","überdrüssig sein, etwas satt haben",un,suna,
924,53962,sone,V,,CVCV,6.75,"be tired of, be fed up","überdrüssig sein, etwas satt haben",un,sone,
925,53963,junä,V,,CVCV,6.75,"be tired of, be fed up","überdrüssig sein, etwas satt haben",un,junæ,
926,53964,munɜ,V,,CVCV,6.25,"be tired of, be fed up","überdrüssig sein, etwas satt haben",un,munɜ,
927,53965,muna,V,,CVCV,6.25,"be tired of, be fed up","überdrüssig sein, etwas satt haben",un,muna,
928,53966,mone,V,,CVCV,6.25,"be tired of, be fed up","überdrüssig sein, etwas satt haben",un,mone,
932,53971,sonɜ,V,,CVCV,6.0,"be tired of, be fed up","überdrüssig sein, etwas satt haben",un,sonɜ,
933,53972,sona,V,,CVCV,6.0,"be tired of, be fed up","überdrüssig sein, etwas satt haben",un,sona,
934,53973,jonä,V,,CVCV,6.0,"be tired of, be fed up","überdrüssig sein, etwas satt haben",un,jonæ,
935,53974,monɜ,V,,CVCV,5.5,"be tired of, be fed up","überdrüssig sein, etwas satt haben",un,monɜ,
936,53975,mona,V,,CVCV,5.5,"be tired of, be fed up","überdrüssig sein, etwas satt haben",un,mona,
939,53979,sunä,V,,CVCV,4.25,"be tired of, be fed up","überdrüssig sein, etwas satt haben",un,sunæ,
940,53980,munä,V,,CVCV,3.75,"be tired of, be fed up","überdrüssig sein, etwas satt haben",un,munæ,
942,53982,sonä,V,,CVCV,3.5,"be tired of, be fed up","überdrüssig sein, etwas satt haben",un,sonæ,
943,53983,monä,V,,CVCV,3.0,"be tired of, be fed up","überdrüssig sein, etwas satt haben",un,monæ,
945,54561,wape,N,,CVCV,7.75,scarecrow,"Vogelscheuche, Popanz",váz,wape,
946,54562,wɜpe,N,,CVCV,7.5,scarecrow,"Vogelscheuche, Popanz",váz,wɜpe,
947,54563,wate,N,,CVCV,7.5,scarecrow,"Vogelscheuche, Popanz",váz,wate,
948,54564,wɜte,N,,CVCV,7.25,scarecrow,"Vogelscheuche, Popanz",váz,wɜte,
949,54565,wute,N,,CVCV,7.0,scarecrow,"Vogelscheuche, Popanz",váz,wute,
950,54566,wupe,N,,CVCV,7.0,scarecrow,"Vogelscheuche, Popanz",váz,wupe,
951,54567,wapɜ,N,,CVCV,7.0,scarecrow,"Vogelscheuche, Popanz",váz,wapɜ,
952,54568,wapa,N,,CVCV,7.0,scarecrow,"Vogelscheuche, Popanz",váz,wapa,
953,54569,wɜpɜ,N,,CVCV,6.75,scarecrow,"Vogelscheuche, Popanz",váz,wɜpɜ,
954,54570,wɜpa,N,,CVCV,6.75,scarecrow,"Vogelscheuche, Popanz",váz,wɜpa,
955,54571,watɜ,N,,CVCV,6.75,scarecrow,"Vogelscheuche, Popanz",váz,watɜ,
956,54572,wata,N,,CVCV,6.75,scarecrow,"Vogelscheuche, Popanz",váz,wata,
957,54573,wɜtɜ,N,,CVCV,6.5,scarecrow,"Vogelscheuche, Popanz",váz,wɜtɜ,
958,54574,wɜta,N,,CVCV,6.5,scarecrow,"Vogelscheuche, Popanz",váz,wɜta,
959,54575,wutɜ,N,,CVCV,6.25,scarecrow,"Vogelscheuche, Popanz",váz,wutɜ,
960,54576,wuta,N,,CVCV,6.25,scarecrow,"Vogelscheuche, Popanz",váz,wuta,
961,54577,wupɜ,N,,CVCV,6.25,scarecrow,"Vogelscheuche, Popanz",váz,wupɜ,
962,54578,wupa,N,,CVCV,6.25,scarecrow,"Vogelscheuche, Popanz",váz,wupa,
963,54579,wapä,N,,CVCV,4.5,scarecrow,"Vogelscheuche, Popanz",váz,wapæ,
964,54580,wɜpä,N,,CVCV,4.25,scarecrow,"Vogelscheuche, Popanz",váz,wɜpæ,
965,54581,watä,N,,CVCV,4.25,scarecrow,"Vogelscheuche, Popanz",váz,watæ,
966,54582,wɜtä,N,,CVCV,4.0,scarecrow,"Vogelscheuche, Popanz",váz,wɜtæ,
967,54583,wutä,N,,CVCV,3.75,scarecrow,"Vogelscheuche, Popanz",váz,wutæ,
968,54584,wupä,N,,CVCV,3.75,scarecrow,"Vogelscheuche, Popanz",váz,wupæ,
969,54585,were,V,,CVCV,7.25,"beat, beat up","prügeln, schlagen",ver,were,
970,54587,w¨re,V,,CVCV,7.25,"beat, beat up","prügeln, schlagen",ver,w¨re,
971,54589,wore,V,,CVCV,7.0,"beat, beat up","prügeln, schlagen",ver,wore,
972,54591,wäre,V,,CVCV,7.0,"beat, beat up","prügeln, schlagen",ver,wære,
973,54593,werɜ,V,,CVCV,6.5,"beat, beat up","prügeln, schlagen",ver,werɜ,
974,54594,wera,V,,CVCV,6.5,"beat, beat up","prügeln, schlagen",ver,wera,
975,54597,w¨rɜ,V,,CVCV,6.5,"beat, beat up","prügeln, schlagen",ver,w¨rɜ,
976,54598,w¨ra,V,,CVCV,6.5,"beat, beat up","prügeln, schlagen",ver,w¨ra,
977,54601,worɜ,V,,CVCV,6.25,"beat, beat up","prügeln, schlagen",ver,worɜ,
978,54602,wora,V,,CVCV,6.25,"beat, beat up","prügeln, schlagen",ver,wora,
979,54605,wärɜ,V,,CVCV,6.25,"beat, beat up","prügeln, schlagen",ver,wærɜ,
980,54606,wära,V,,CVCV,6.25,"beat, beat up","prügeln, schlagen",ver,wæra,
981,54609,werä,V,,CVCV,4.0,"beat, beat up","prügeln, schlagen",ver,weræ,
982,54611,w¨rä,V,,CVCV,4.0,"beat, beat up","prügeln, schlagen",ver,w¨ræ,
983,54613,worä,V,,CVCV,3.75,"beat, beat up","prügeln, schlagen",ver,woræ,
984,54615,wärä,V,,CVCV,3.75,"beat, beat up","prügeln, schlagen",ver,wæræ,
985,54617,wise,N,,CVCV,8.0,"decay, disease, need, danger","Verfall, Seuche, Not, Gefahr",vész,wise,
986,54618,wije,N,,CVCV,8.0,"decay, disease, need, danger","Verfall, Seuche, Not, Gefahr",vész,wije,
987,54619,wese,N,,CVCV,8.0,"decay, disease, need, danger","Verfall, Seuche, Not, Gefahr",vész,wese,
988,54620,weje,N,,CVCV,8.0,"decay, disease, need, danger","Verfall, Seuche, Not, Gefahr",vész,weje,
989,54621,wisɜ,N,,CVCV,7.25,"decay, disease, need, danger","Verfall, Seuche, Not, Gefahr",vész,wisɜ,
990,54622,wisa,N,,CVCV,7.25,"decay, disease, need, danger","Verfall, Seuche, Not, Gefahr",vész,wisa,
991,54623,wijɜ,N,,CVCV,7.25,"decay, disease, need, danger","Verfall, Seuche, Not, Gefahr",vész,wijɜ,
992,54624,wija,N,,CVCV,7.25,"decay, disease, need, danger","Verfall, Seuche, Not, Gefahr",vész,wija,
993,54625,wesɜ,N,,CVCV,7.25,"decay, disease, need, danger","Verfall, Seuche, Not, Gefahr",vész,wesɜ,
994,54626,wesa,N,,CVCV,7.25,"decay, disease, need, danger","Verfall, Seuche, Not, Gefahr",vész,wesa,
995,54627,wejɜ,N,,CVCV,7.25,"decay, disease, need, danger","Verfall, Seuche, Not, Gefahr",vész,wejɜ,
996,54628,weja,N,,CVCV,7.25,"decay, disease, need, danger","Verfall, Seuche, Not, Gefahr",vész,weja,
997,54629,wäse,N,,CVCV,7.25,"decay, disease, need, danger","Verfall, Seuche, Not, Gefahr",vész,wæse,
998,54630,wäje,N,,CVCV,7.25,"decay, disease, need, danger","Verfall, Seuche, Not, Gefahr",vész,wæje,
999,54631,wäsɜ,N,,CVCV,6.5,"decay, disease, need, danger","Verfall, Seuche, Not, Gefahr",vész,wæsɜ,
1000,54632,wäsa,N,,CVCV,6.5,"decay, disease, need, danger","Verfall, Seuche, Not, Gefahr",vész,wæsa,
1001,54633,wäjɜ,N,,CVCV,6.5,"decay, disease, need, danger","Verfall, Seuche, Not, Gefahr",vész,wæjɜ,
1002,54634,wäja,N,,CVCV,6.5,"decay, disease, need, danger","Verfall, Seuche, Not, Gefahr",vész,wæja,
1003,54635,wisä,N,,CVCV,4.75,"decay, disease, need, danger","Verfall, Seuche, Not, Gefahr",vész,wisæ,
1004,54636,wijä,N,,CVCV,4.75,"decay, disease, need, danger","Verfall, Seuche, Not, Gefahr",vész,wijæ,
1005,54637,wesä,N,,CVCV,4.75,"decay, disease, need, danger","Verfall, Seuche, Not, Gefahr",vész,wesæ,
1006,54638,wejä,N,,CVCV,4.75,"decay, disease, need, danger","Verfall, Seuche, Not, Gefahr",vész,wejæ,
1007,54639,wäsä,N,,CVCV,4.0,"decay, disease, need, danger","Verfall, Seuche, Not, Gefahr",vész,wæsæ,
1008,54640,wäjä,N,,CVCV,4.0,"decay, disease, need, danger","Verfall, Seuche, Not, Gefahr",vész,wæjæ,
1009,54677,wine,V,,CVCV,8.25,"pull, remove","ziehen, entfernen, abwendig machen",von,wine,
1010,54678,wune,V,,CVCV,7.75,"pull, remove","ziehen, entfernen, abwendig machen",von,wune,
1011,54679,wene,V,,CVCV,7.75,"pull, remove","ziehen, entfernen, abwendig machen",von,wene,
1012,54680,winɜ,V,,CVCV,7.5,"pull, remove","ziehen, entfernen, abwendig machen",von,winɜ,
1013,54681,wina,V,,CVCV,7.5,"pull, remove","ziehen, entfernen, abwendig machen",von,wina,
1014,54682,wɜne,V,,CVCV,7.5,"pull, remove","ziehen, entfernen, abwendig machen",von,wɜne,
1015,54683,wunɜ,V,,CVCV,7.0,"pull, remove","ziehen, entfernen, abwendig machen",von,wunɜ,
1016,54684,wuna,V,,CVCV,7.0,"pull, remove","ziehen, entfernen, abwendig machen",von,wuna,
1017,54685,wone,V,,CVCV,7.0,"pull, remove","ziehen, entfernen, abwendig machen",von,wone,
1018,54686,wenɜ,V,,CVCV,7.0,"pull, remove","ziehen, entfernen, abwendig machen",von,wenɜ,
1019,54687,wena,V,,CVCV,7.0,"pull, remove","ziehen, entfernen, abwendig machen",von,wena,
1020,54688,wane,V,,CVCV,7.0,"pull, remove","ziehen, entfernen, abwendig machen",von,wane,
1021,54689,wɜnɜ,V,,CVCV,6.75,"pull, remove","ziehen, entfernen, abwendig machen",von,wɜnɜ,
1022,54690,wɜna,V,,CVCV,6.75,"pull, remove","ziehen, entfernen, abwendig machen",von,wɜna,
1023,54691,wonɜ,V,,CVCV,6.25,"pull, remove","ziehen, entfernen, abwendig machen",von,wonɜ,
1024,54692,wona,V,,CVCV,6.25,"pull, remove","ziehen, entfernen, abwendig machen",von,wona,
1025,54693,wanɜ,V,,CVCV,6.25,"pull, remove","ziehen, entfernen, abwendig machen",von,wanɜ,
1026,54694,wana,V,,CVCV,6.25,"pull, remove","ziehen, entfernen, abwendig machen",von,wana,
1027,54695,winä,V,,CVCV,5.0,"pull, remove","ziehen, entfernen, abwendig machen",von,winæ,
1028,54696,wunä,V,,CVCV,4.5,"pull, remove","ziehen, entfernen, abwendig machen",von,wunæ,
1029,54697,wenä,V,,CVCV,4.5,"pull, remove","ziehen, entfernen, abwendig machen",von,wenæ,
1030,54698,wɜnä,V,,CVCV,4.25,"pull, remove","ziehen, entfernen, abwendig machen",von,wɜnæ,
1031,54699,wonä,V,,CVCV,3.75,"pull, remove","ziehen, entfernen, abwendig machen",von,wonæ,
1032,54700,wanä,V,,CVCV,3.75,"pull, remove","ziehen, entfernen, abwendig machen",von,wanæ,
