Hun,Old,Lan,H_xtra,o_extra,o_extra2,H_IPA,o_IPA,H+∅,0+H+∅,0+old,Vchanges
mese,aća,FP,,,,mɛʃɛ,at͡ʃʲa,mɛʃɛ,mɛʃɛ,0at͡ʃʲa,*a>ɛ³ *a>ɛ²
ágy,aδ'ɜ,FU,,oδ'ɜ,,aɟ,aðʲɜ,aɟ∅,0aɟ∅,0aðʲɜ,*a>a¹ *ɜ>∅²
al,ala,U,,,,ɒl,ala,ɒl∅,0ɒl∅,0ala,*a>ɒ¹ *a>∅²
áld,alɜ,FU,,,,ald,alɜ,ald∅,0ald∅,0alɜ,*a>a¹ *ɜ>∅²
ad,amta,FU,,,,ɒd,amta,ɒd∅,0ɒd∅,0amta,*a>ɒ¹ *a>∅²
old,aŋa,FU,,,,old,aŋa,old∅,0old∅,0aŋa,*a>o¹ *a>∅²
aj,aŋe,U,,,,ɒj,aŋe,ɒj∅,0ɒj∅,0aŋe,*a>ɒ¹ *e>∅²
apa,appe,FU,,,,ɒpɒ,appe,ɒpɒ,0ɒpɒ,0appe,*a>ɒ¹ *e>ɒ²
ár,arwa,FU,,arγa,,ar,arβa,ar∅,0ar∅,0arβa,*a>a¹ *a>∅²
árt,arɜ,FU,,,,art,arɜ,art∅,0art∅,0arɜ,*a>a¹ *ɜ>∅²
ének,äne,FU,,,,enɛk,æne,enɛk∅,0enɛk∅,0æne,*æ>e¹ *e>ɛ³
ég,äŋɜ,FU,,,,eɡ,æŋɜ,eɡ∅,0eɡ∅,0æŋɜ,*æ>e¹ *ɜ>∅²
szalad,ćaδa,FU,,śaδa,,sɒlɒd,t͡ʃʲaða,sɒlɒd∅,sɒlɒd∅,t͡ʃʲaða,*a>ɒ³ *a>ɒ³
zaj,ćaka,FU,,,,zɒj,t͡ʃʲaka,zɒj∅,zɒj∅,t͡ʃʲaka,*a>ɒ³ *a>∅²
szeg,ćäŋkɜ,FU,,śäŋkɜ,,sɛɡ,t͡ʃʲæŋkɜ,sɛɡ∅,sɛɡ∅,t͡ʃʲæŋkɜ,*æ>ɛ³ *ɜ>∅²
sért,ćärke,FU,,,,ʃert,t͡ʃʲærke,ʃert∅,ʃert∅,t͡ʃʲærke,*æ>e³ *e>∅²
szűr,ćerɜ,FU,,,,syr,t͡ʃʲerɜ,syr∅,syr∅,t͡ʃʲerɜ,*e>y³ *ɜ>∅²
süh,ćiklä,U,,"ćüklä, ćikĺä ćükĺä",,ʃyh,t͡ʃʲiklæ,ʃyh∅,ʃyh∅,t͡ʃʲiklæ,*i>y³ *æ>∅²
seg,ćiŋkä,FU, Balagseg,ćüŋkä,,ʃɛɡ,t͡ʃʲiŋkæ,ʃɛɡ∅,ʃɛɡ∅,t͡ʃʲiŋkæ,*i>ɛ³ *æ>∅²
csomó,ćolme,FU,,,,t͡ʃomo,t͡ʃʲolme,t͡ʃomo,t͡ʃomo,t͡ʃʲolme,*o>o³ *e>o²
csorog,ćorɜ,U,,,,t͡ʃoroɡ,t͡ʃʲorɜ,t͡ʃoroɡ∅,t͡ʃoroɡ∅,t͡ʃʲorɜ,*o>o³ *ɜ>o³
szú,ćuγɜ,FU,,"ćukɜ, śuγɜ śukɜ",,su,t͡ʃʲuɣɜ,su,su,t͡ʃʲuɣɜ,*u>u³ *ɜ>∅³
csupor,ćuppɜ,FU,,,,t͡ʃupor,t͡ʃʲuppɜ,t͡ʃupor∅,t͡ʃupor∅,t͡ʃʲuppɜ,*u>u³ *ɜ>o³
csillog,ćȣlkɜ,FU,,ć¨lkɜ,,t͡ʃilloɡ,t͡ʃʲȣlkɜ,t͡ʃilloɡ∅,t͡ʃilloɡ∅,t͡ʃʲȣlkɜ,*ȣ>i³ *ɜ>o³
csün,ć¨nɜ,U,,,,t͡ʃyn,t͡ʃʲ¨nɜ,t͡ʃyn∅,t͡ʃyn∅,t͡ʃʲ¨nɜ,*¨>y³ *ɜ>∅²
sápad,čappɜ,FU,,,,ʃapɒd,t͡ʃappɜ,ʃapɒd∅,ʃapɒd∅,t͡ʃappɜ,*a>a³ *ɜ>ɒ³
savanyú,čawɜ,Ug,,čapa,,ʃɒvɒɲu,t͡ʃaβɜ,ʃɒvɒɲu,ʃɒvɒɲu,t͡ʃaβɜ,*a>ɒ³ *ɜ>ɒ³ *∅>u²
csegely,čeŋkɜ,FU,,,,t͡ʃɛɡɛj,t͡ʃeŋkɜ,t͡ʃɛɡɛj∅,t͡ʃɛɡɛj∅,t͡ʃeŋkɜ,*e>ɛ³ *ɜ>ɛ³
siet,čijɜ,FU,,"čikɜ, čiŋɜ, čejɜ, čekɜ, čeŋɜ",,ʃiɛt,t͡ʃijɜ,ʃiɛt∅,ʃiɛt∅,t͡ʃijɜ,*i>∅³ *ɜ>∅²
sok,čukkɜ,FU,,čokkɜ,,ʃok,t͡ʃukkɜ,ʃok∅,ʃok∅,t͡ʃukkɜ,*u>o³ *ɜ>∅²
sovány,čupa,FU,,,,ʃovaɲ,t͡ʃupa,ʃovaɲ∅,ʃovaɲ∅,t͡ʃupa,*u>o³ *a>a³
ez,e,U,,,,ɛz,e,ɛz∅,0ɛz∅,0e,*e>ɛ¹
öcs,ećɜ,FU,,,,øt͡ʃ,et͡ʃʲɜ,øt͡ʃ∅,0øt͡ʃ∅,0et͡ʃʲɜ,*e>ø¹ *ɜ>∅²
es,ećɜ,U,,,,ɛʃ,et͡ʃʲɜ,ɛʃ∅,0ɛʃ∅,0et͡ʃʲɜ,*e>ɛ¹ *ɜ>∅²
elő,eδe,FU,eleje,,,ɛlø,eðe,ɛlø,0ɛlø,0eðe,*e>ɛ¹ *e>ø²
éj,eje,FU,,üje,,ej,eje,ej∅,0ej∅,0eje,*e>e¹ *e>∅²
él,elä,U,,,,el,elæ,el∅,0el∅,0elæ,*e>e¹ *æ>∅²
em,emä,U, embër,,,ɛm,emæ,ɛm∅,0ɛm∅,0emæ,*e>ɛ¹ *æ>∅²
ük,ewkkɜ,FU, ükanya,,,yk,eβkkɜ,yk∅,0yk∅,0eβkkɜ,*e>y¹ *ɜ>∅²
ős,ićä,U,,,,øʃ,it͡ʃʲæ,øʃ∅,0øʃ∅,0it͡ʃʲæ,*i>ø¹ *æ>∅²
íny,ike,FU,,"ikeńe, ikene",,iɲ,ike,iɲ∅,0iɲ∅,0ike,*i>i¹ *e>∅²
emlő,ime,U,,,,ɛmlø,ime,ɛmlø,0ɛmlø,0ime,*i>ɛ¹ *e>ø²
íz,ipɜ,U,,"ipɜsɜ, ipɜśɜ",,iz,ipɜ,iz∅,0iz∅,0ipɜ,*i>i¹ *ɜ>∅²
ër,irkä,FU,,ürkä,,er,irkæ,er∅,0er∅,0irkæ,*i>e¹ *æ>∅²
iktat,jakka,FU,,,,iktɒt,jakka,iktɒt∅,0iktɒt∅,jakka,*a>i¹ *a>ɒ³
gyalog,jalka,FU,,,,ɟɒloɡ,jalka,ɟɒloɡ∅,ɟɒloɡ∅,jalka,*a>ɒ³ *a>o³
jel,jälke,FU,,,,jɛl,jælke,jɛl∅,jɛl∅,jælke,*æ>ɛ³ *e>∅²
ideg,jänte,U,,,,idɛɡ,jænte,idɛɡ∅,0idɛɡ∅,jænte,*æ>i¹ *e>ɛ³
jég,jäŋe,FU,,,,jeɡ,jæŋe,jeɡ∅,jeɡ∅,jæŋe,*æ>e³ *e>∅²
év,jikä,FU,,ikä,,ev,jikæ,ev∅,0ev∅,jikæ,*i>e¹ *æ>∅²
jó,joke,U,,,,jo,joke,jo,jo,joke,*o>o³ *e>∅³
íj,joŋsɜ,U,,joŋksɜ,,ij,joŋsɜ,ij∅,0ij∅,joŋsɜ,*o>i¹ *ɜ>∅²
gyakori,jowkkɜ,FU,,,,ɟɒkori,joβkkɜ,ɟɒkori,ɟɒkori,joβkkɜ,*o>ɒ³ *ɜ>o³ *∅>i²
iv,juγe,FU,i,juke,,iv,juɣe,iv∅,0iv∅,juɣe,*u>i¹ *e>∅²
jöv,j¨ŋɜ,Ug,,j¨γɜ j¨kɜ,,jøv,j¨ŋɜ,jøv∅,jøv∅,j¨ŋɜ,*¨>ø³ *ɜ>∅²
hős,kaća,U,,,,høʃ,kat͡ʃʲa,høʃ∅,høʃ∅,kat͡ʃʲa,*a>ø³ *a>∅²
hagy,kaδ'a,U,,,,hɒɟ,kaðʲa,hɒɟ∅,hɒɟ∅,kaðʲa,*a>ɒ³ *a>∅²
hölgy,kaδ'wa,FU,,kaδ'wɜ,,hølɟ,kaðʲβa,hølɟ∅,hølɟ∅,kaðʲβa,*a>ø³ *a>∅²
hajít,kaja,FU,,,,hɒjit,kaja,hɒjit∅,hɒjit∅,kaja,*a>ɒ³ *a>i³
két,kakta,FU,,käktä,,ket,kakta,ket∅,ket∅,kakta,*a>e³ *a>∅²
hal,kala,U,,,,hɒl,kala,hɒl∅,hɒl∅,kala,*a>ɒ³ *a>∅²
háló,kalɜ,U,,,,halo,kalɜ,halo,halo,kalɜ,*a>a³ *ɜ>o²
hál,kalɜ,FU,,,,hal,kalɜ,hal∅,hal∅,kalɜ,*a>a³ *ɜ>∅²
hályog,kaĺwɜ,FU,,,,hajoɡ,kaʎβɜ,hajoɡ∅,hajoɡ∅,kalʲβɜ,*a>a³ *ɜ>o³
háml,kama,U,,,,haml,kama,haml∅,haml∅,kama,*a>a³ *a>∅²
hány,kanɜ,FU,,,,haɲ,kanɜ,haɲ∅,haɲ∅,kanɜ,*a>a³ *ɜ>∅²
hág,kaŋɜ,Ug,,kaŋkɜ,,haɡ,kaŋɜ,haɡ∅,haɡ∅,kaŋɜ,*a>a³ *ɜ>∅²
hat,kattɜ,U,,,,hɒt,kattɜ,hɒt∅,hɒt∅,kattɜ,*a>ɒ³ *ɜ>∅²
kel,kälä,FU,,,,kɛl,kælæ,kɛl∅,kɛl∅,kælæ,*æ>ɛ³ *æ>∅²
kemény,kämä,FU,,,,kɛmeɲ,kæmæ,kɛmeɲ∅,kɛmeɲ∅,kæmæ,*æ>ɛ³ *æ>e³
kéz,käte,FU,,,,kez,kæte,kez∅,kez∅,kæte,*æ>e³ *e>∅²
ki,ke,FU,,ki,,ki,ke,ki,ki,ke,*e>i²
keszeg,kećä,FU,,,,kɛsɛɡ,ket͡ʃʲæ,kɛsɛɡ∅,kɛsɛɡ∅,ket͡ʃʲæ,*e>ɛ³ *æ>ɛ³
kengyel,kećɜ,FU,,,,kɛnɟɛl,ket͡ʃʲɜ,kɛnɟɛl∅,kɛnɟɛl∅,ket͡ʃʲɜ,*e>ɛ³ *ɜ>ɛ³
kécs,kečä,FU, isten kecskéje,,,ket͡ʃ,ket͡ʃæ,ket͡ʃ∅,ket͡ʃ∅,ket͡ʃæ,*e>e³ *æ>∅²
kés,kečɜ,FU,,,,keʃ,ket͡ʃɜ,keʃ∅,keʃ∅,ket͡ʃɜ,*e>e³ *ɜ>∅²
kéj,keje,FU,,k¨jγɜ,,kej,keje,kej∅,kej∅,keje,*e>e³ *e>∅²
köved,keje,FU,,,,køvɛd,keje,køvɛd∅,køvɛd∅,keje,*e>ø³ *e>ɛ³
këll,kelke,FU,,,,kell,kelke,kell∅,kell∅,kelke,*e>e³ *e>∅²
kevés,kepä,FU,,,,kɛveʃ,kepæ,kɛveʃ∅,kɛveʃ∅,kepæ,*e>ɛ³ *æ>e³
kerek,kerä,FU,,,,kɛrɛk,keræ,kɛrɛk∅,kɛrɛk∅,keræ,*e>ɛ³ *æ>ɛ³
kér,kerä,FU,,,,ker,keræ,ker∅,ker∅,keræ,*e>e³ *æ>∅²
köré,kere,FU,,,,køre,kere,køre,køre,kere,*e>ø³ *e>e²
kérëg,kere,FU,,,,kereɡ,kere,kereɡ∅,kereɡ∅,kere,*e>e³ *e>e³
kígyó,kije,U,,küje,,kiɟo,kije,kiɟo,kiɟo,kije,*i>i³ *e>o²
követ,kijɜ,FU,,küjɜ,,køvɛt,kijɜ,køvɛt∅,køvɛt∅,kijɜ,*i>ø³ *ɜ>ɛ³
köd,kintɜ,U,,küntɜ,,kød,kintɜ,kød∅,kød∅,kintɜ,*i>ø³ *ɜ>∅²
könyök,kińä,FU,,"küńä, kinä, künä",,køɲøk,kiɲæ,køɲøk∅,køɲøk∅,kinʲæ,*i>ø³ *æ>ø³
könny,kińe,U,,"kińelɜ, küńe, küńelɜ",,kønɲ,kiɲe,kønɲ∅,kønɲ∅,kinʲe,*i>ø³ *e>∅²
köt,kitke,FU,,kütke,,køt,kitke,køt∅,køt∅,kitke,*i>ø³ *e>∅²
köz,kitɜ,FU,,kütɜ,,køz,kitɜ,køz∅,køz∅,kitɜ,*i>ø³ *ɜ>∅²
kő,kiwe,FU,,,,kø,kiβe,kø,kø,kiβe,*i>ø³ *e>∅³
hagyma,koćmɜ,FU,,kaćmɜ,,hɒɟmɒ,kot͡ʃʲmɜ,hɒɟmɒ,hɒɟmɒ,kot͡ʃʲmɜ,*o>ɒ³ *ɜ>ɒ²
héj,koja,FU,,,,hej,koja,hej∅,hej∅,koja,*o>e³ *a>∅²
hajnal,koje,FU,,,,hɒjnɒl,koje,hɒjnɒl∅,hɒjnɒl∅,koje,*o>ɒ³ *e>ɒ³
hím,kojmɜ,U,,kojemɜ,,him,kojmɜ,him∅,him∅,kojmɜ,*o>i³ *ɜ>∅²
here,kojra,U,,kojera,,hɛrɛ,kojra,hɛrɛ,hɛrɛ,kojra,*o>ɛ³ *a>ɛ²
hal,kola,U,,,,hɒl,kola,hɒl∅,hɒl∅,kola,*o>ɒ³ *a>∅²
három,kolme,FU,,kulme,,harom,kolme,harom∅,harom∅,kolme,*o>a³ *e>o³
halok,kolɜ,FU,,,,hɒlok,kolɜ,hɒlok∅,hɒlok∅,kolɜ,*o>ɒ³ *ɜ>o³
hón,konɜ,FU,,"kana, konɜ + ala, kana + ala",,hon,konɜ,hon∅,hon∅,konɜ,*o>o³ *ɜ>∅²
hanyatt,konɜCx,FU,,,,hɒɲɒtt,konɜ,hɒɲɒtt∅,hɒɲɒtt∅,konɜ,*o>ɒ³ *ɜ>ɒ³
hárs,końćkɜ,FU,,koćkɜ,,harʃ,koɲt͡ʃʲkɜ,harʃ∅,harʃ∅,konʲt͡ʃʲkɜ,*o>a³ *ɜ>∅²
hosszú,końćɜ,U,,koćɜ,,hoʃsu,koɲt͡ʃʲɜ,hoʃsu,hoʃsu,konʲt͡ʃʲɜ,*o>o³ *ɜ>u²
hërvad,korpe,FW,,,,hervɒd,korpe,hervɒd∅,hervɒd∅,korpe,*o>e³ *e>ɒ³
horol,korɜ,FU,,korwɜ,,horol,korɜ,horol∅,horol∅,korɜ,*o>o³ *ɜ>o³
ház,kota,FU,,,,haz,kota,haz∅,haz∅,kota,*o>a³ *a>∅²
ho,ku,U,,ko,,ho,ku,ho,ho,ku,*u>o²
holnap,kuδɜ,U,,,,holnɒp,kuðɜ,holnɒp∅,holnɒp∅,kuðɜ,*u>o³ *ɜ>ɒ³
hamu,kuδ'mɜ,Ug,,,,hɒmu,kuðʲmɜ,hɒmu,hɒmu,kuðʲmɜ,*u>ɒ³ *ɜ>u²
háj,kuje,FU,,,,haj,kuje,haj∅,haj∅,kuje,*u>a³ *e>∅²
hall,kule,FU,,,,hɒll,kule,hɒll∅,hɒll∅,kule,*u>ɒ³ *e>∅²
halad,kulke,U,,,,hɒlɒd,kulke,hɒlɒd∅,hɒlɒd∅,kulke,*u>ɒ³ *e>ɒ³
holló,kulɜ,U,,kulɜkɜ,,hollo,kulɜ,hollo,hollo,kulɜ,*u>o³ *ɜ>o²
homlok,kuma,U,,,,homlok,kuma,homlok∅,homlok∅,kuma,*u>o³ *a>o³
hab,kumpa,U,,,,hɒb,kumpa,hɒb∅,hɒb∅,kumpa,*u>ɒ³ *a>∅²
hó,kumɜ,U,,,,ho,kumɜ,ho,ho,kumɜ,*u>o³ *ɜ>∅³
homály,kumɜ,FU,,,,homaj,kumɜ,homaj∅,homaj∅,kumɜ,*u>o³ *ɜ>a³
had,kunta,FU,,,,hɒd,kunta,hɒd∅,hɒd∅,kunta,*u>ɒ³ *a>∅²
hall,kuntalɜ,Ug,,,,hɒll,kuntalɜ,hɒll∅,hɒll∅,kuntalɜ,*u>ɒ³ *a>∅³ *ɜ>∅²
joh,kunɜ,FU,,,,joh,kunɜ,joh∅,joh∅,kunɜ,*u>o³ *ɜ>∅²
huny,kuńa,U,,,,huɲ,kuɲa,huɲ∅,huɲ∅,kunʲa,*u>u³ *a>∅²
hangya,kuńće,FU,,kuće,,hɒnɟɒ,kuɲt͡ʃʲe,hɒnɟɒ,hɒnɟɒ,kunʲt͡ʃʲe,*u>ɒ³ *e>ɒ²
húgy,kuńće,U,,kuće,,huɟ,kuɲt͡ʃʲe,huɟ∅,huɟ∅,kunʲt͡ʃʲe,*u>u³ *e>∅²
húgy,kuńćɜ,U,,kućɜ,,huɟ,kuɲt͡ʃʲɜ,huɟ∅,huɟ∅,kunʲt͡ʃʲɜ,*u>u³ *ɜ>∅²
hó,kuŋe,U,,,,ho,kuŋe,ho,ho,kuŋe,*u>o³ *e>∅³
harmat,kura,U,,,,hɒrmɒt,kura,hɒrmɒt∅,hɒrmɒt∅,kura,*u>ɒ³ *a>ɒ³
hornyol,kurńa,FU,,,,horɲol,kurɲa,horɲol∅,horɲol∅,kurnʲa,*u>o³ *a>o³
horó,kurɜ,FU,,,,horo,kurɜ,horo,horo,kurɜ,*u>o³ *ɜ>o²
harántos,kurɜ,U,,,,hɒrantoʃ,kurɜ,hɒrantoʃ∅,hɒrantoʃ∅,kurɜ,*u>ɒ³ *ɜ>a³ *∅>o³
harag,kurɜ,FU,,,,hɒrɒɡ,kurɜ,hɒrɒɡ∅,hɒrɒɡ∅,kurɜ,*u>ɒ³ *ɜ>ɒ³
húsz,kuśɜ,FU,,kojećɜ,,hus,kuʃʲɜ,hus∅,hus∅,kuʃʲɜ,*u>u³ *ɜ>∅²
hat,kutte,FU,,,,hɒt,kutte,hɒt∅,hɒt∅,kutte,*u>ɒ³ *e>∅²
hát,kuttɜ,U,,,,hat,kuttɜ,hat∅,hat∅,kuttɜ,*u>a³ *ɜ>∅²
küzd,k¨śɜ,Ug,,,,kyzd,k¨ʃʲɜ,kyzd∅,kyzd∅,k¨ʃʲɜ,*¨>y³ *ɜ>∅²
lapos,lappɜ,U,,,,lɒpoʃ,lappɜ,lɒpoʃ∅,lɒpoʃ∅,lappɜ,*a>ɒ³ *ɜ>o³
lép,läppɜ,FU,,"δäppɜ, leppɜ δeppɜ",,lep,læppɜ,lep∅,lep∅,læppɜ,*æ>e³ *ɜ>∅²
lë,le,FU,,,,le,le,le,le,le,*e>e²
lé,leme,FU,,lēme,,le,leme,le,le,leme,*e>e³ *e>∅³
lep,leppɜ,FU,,,,lɛp,leppɜ,lɛp∅,lɛp∅,leppɜ,*e>ɛ³ *ɜ>∅²
lő,lewe,FU,,,,lø,leβe,lø,lø,leβe,*e>ø³ *e>∅³
lélëk,lewlɜ,FU,,,,lelek,leβlɜ,lelek∅,lelek∅,leβlɜ,*e>e³ *ɜ>e³
lök,likkä,FU,,lükkä,,løk,likkæ,løk∅,løk∅,likkæ,*i>ø³ *æ>∅²
láng,lomɜ,FU,,lamɜ,,lanɡ,lomɜ,lanɡ∅,lanɡ∅,lomɜ,*o>a³ *ɜ>∅²
lágy,lońća,FU,,,,laɟ,loɲt͡ʃʲa,laɟ∅,laɟ∅,lonʲt͡ʃʲa,*o>a³ *a>∅²
lóg,loŋe,FU,,,,loɡ,loŋe,loɡ∅,loɡ∅,loŋe,*o>o³ *e>∅²
lúd,lunta,FU,,,,lud,lunta,lud∅,lud∅,lunta,*u>u³ *a>∅²
légy,lȣńćɜ,FU,,,,leɟ,lȣɲt͡ʃʲɜ,leɟ∅,leɟ∅,lȣnʲt͡ʃʲɜ,*ȣ>e³ *ɜ>∅²
láp,lȣppɜ,FU,,,,lap,lȣppɜ,lap∅,lap∅,lȣppɜ,*ȣ>a³ *ɜ>∅²
lepke,l¨ppɜ,U,,,,lɛpkɛ,l¨ppɜ,lɛpkɛ,lɛpkɛ,l¨ppɜ,*¨>ɛ³ *ɜ>ɛ²
levél,l¨pɜ,Ug,,lepɜ,,lɛvel,l¨pɜ,lɛvel∅,lɛvel∅,l¨pɜ,*¨>ɛ³ *ɜ>e³
máj,maksa,U,,,,maj,maksa,maj∅,maj∅,maksa,*a>a³ *a>∅²
ment,mänɜ,FU,,,,mɛnt,mænɜ,mɛnt∅,mɛnt∅,mænɜ,*æ>ɛ³ *ɜ>∅²
messze,mećä,FU,,,,mɛʃsɛ,met͡ʃʲæ,mɛʃsɛ,mɛʃsɛ,met͡ʃʲæ,*e>ɛ³ *æ>ɛ²
méh,mekše,FU,,,,meh,mekʃe,meh∅,meh∅,mekʃe,*e>e³ *e>∅²
mën,mene,U,,,,men,mene,men∅,men∅,mene,*e>e³ *e>∅²
méz,mete,FU,,,,mez,mete,mez∅,mez∅,mete,*e>e³ *e>∅²
mëny,mińä,U,,,,meɲ,miɲæ,meɲ∅,meɲ∅,minʲæ,*i>e³ *æ>∅²
mënny,mińɜ,FU,,,,menɲ,miɲɜ,menɲ∅,menɲ∅,minʲɜ,*i>e³ *ɜ>∅²
mëg,miŋä,FU,,müŋä,,meɡ,miŋæ,meɡ∅,meɡ∅,miŋæ,*i>e³ *æ>∅²
mëggy,moĺɜ,FU,,moδ'ɜ,,meɡɟ,moʎɜ,meɡɟ∅,meɡɟ∅,molʲɜ,*o>e³ *ɜ>∅²
más,mu,FU,,,,maʃ,mu,maʃ∅,maʃ∅,mu,*u>a³
múl,mulɜ,FU,,,,mul,mulɜ,mul∅,mul∅,mulɜ,*u>u³ *ɜ>∅²
mogyoró,muna,U,,,,moɟoro,muna,moɟoro,moɟoro,muna,*u>o³ *a>o³ *∅>o²
mag,muŋkɜ,FU,,,,mɒɡ,muŋkɜ,mɒɡ∅,mɒɡ∅,muŋkɜ,*u>ɒ³ *ɜ>∅²
mar,mura,U,,murɜ,,mɒr,mura,mɒr∅,mɒr∅,mura,*u>ɒ³ *a>∅²
mos,muśke,U,,mośke,,moʃ,muʃʲke,moʃ∅,moʃ∅,muʃʲke,*u>o³ *e>∅²
mál,mȣlɜ,FU,,"mȣljɜ, mȣlkɜ",,mal,mȣlɜ,mal∅,mal∅,mȣlɜ,*ȣ>a³ *ɜ>∅²
mar,mȣrɜ,U,,,,mɒr,mȣrɜ,mɒr∅,mɒr∅,mȣrɜ,*ȣ>ɒ³ *ɜ>∅²
én,m¨,U,,,,en,m¨,en∅,0en∅,m¨,*¨>e¹
mi,m¨,U,,,,mi,m¨,mi,mi,m¨,*¨>i²
mi,mɜ,U,,,,mi,mɜ,mi,mi,mɜ,*ɜ>i²
néz,näke,FU,,,,nez,næke,nez∅,nez∅,næke,*æ>e³ *e>∅²
nyél,niδe,U,,nüδe,,ɲel,niðe,ɲel∅,ɲel∅,niðe,*i>e³ *e>∅²
név,nime,U,,,,nev,nime,nev∅,nev∅,nime,*i>e³ *e>∅²
nő,niŋä,U,,,,nø,niŋæ,nø,nø,niŋæ,*i>ø³ *æ>∅³
nyújt,nȣjɜ,FU,,ńȣjɜ,,ɲujt,nȣjɜ,ɲujt∅,ɲujt∅,nȣjɜ,*ȣ>u³ *ɜ>∅²
nyelv,ńälmä,FU,,,,ɲɛlv,ɲælmæ,ɲɛlv∅,ɲɛlv∅,nʲælmæ,*æ>ɛ³ *æ>∅²
nyel,ńele,U,,ńēle,,ɲɛl,ɲele,ɲɛl∅,ɲɛl∅,nʲele,*e>ɛ³ *e>∅²
négy,ńeljä,FU,,neljä,,neɟ,ɲeljæ,neɟ∅,neɟ∅,nʲelhæ,*e>e³ *æ>∅²
nyíl,ńɤle,U,,ńōle,,ɲil,ɲɤle,ɲil∅,ɲil∅,nʲɤle,*ɤ>i³ *e>∅²
nyű,ńikɜ,U,,ńükɜ,,ɲy,ɲikɜ,ɲy,ɲy,nʲikɜ,*i>y³ *ɜ>∅³
nyal,ńole,U,,ńōle,,ɲɒl,ɲole,ɲɒl∅,ɲɒl∅,nʲole,*o>ɒ³ *e>∅²
nyúl,ńoma,U,,ńomalɜ,,ɲul,ɲoma,ɲul∅,ɲul∅,nʲoma,*o>u³ *a>∅²
nyirok,ńorɜ,U,,,,ɲirok,ɲorɜ,ɲirok∅,ɲirok∅,nʲorɜ,*o>i³ *ɜ>o³
nyuszt,ńukśe,FU,,ńukɜśɜ,,ɲust,ɲukʃʲe,ɲust∅,ɲust∅,nʲukʃʲe,*u>u³ *e>∅²
nyug,ńuŋɜ,FU,,,,ɲuɡ,ɲuŋɜ,ɲuɡ∅,ɲuɡ∅,nʲuŋɜ,*u>u³ *ɜ>∅²
nyír,ń¨rɜ,Ug,,"ńȣrɜ, ńȣrkɜ",,ɲir,ɲ¨rɜ,ɲir∅,ɲir∅,nʲ¨rɜ,*¨>i³ *ɜ>∅²
az,o,U,,u,,ɒz,o,ɒz∅,0ɒz∅,0o,*o>ɒ¹
ostor,oćtɜrɜ,Ug,,,,oʃtor,ot͡ʃʲtɜrɜ,oʃtor∅,0oʃtor∅,0ot͡ʃʲtɜrɜ,*o>o¹ *ɜ>o³ *ɜ>∅²
al,oδa,FU,,,,ɒl,oða,ɒl∅,0ɒl∅,0oða,*o>ɒ¹ *a>∅²
álom,oδamɜ,FU,,,,alom,oðamɜ,alom∅,0alom∅,0oðamɜ,*o>a¹ *a>o³ *ɜ>∅²
áll,olɜ,FW,,,,all,olɜ,all∅,0all∅,0olɜ,*o>a¹ *ɜ>∅²
agyar,ońćarɜ,FU,,,,ɒɟɒr,oɲt͡ʃʲarɜ,ɒɟɒr∅,0ɒɟɒr∅,0onʲt͡ʃʲarɜ,*o>ɒ¹ *a>ɒ³ *ɜ>∅²
ár,ora,FU,,,,ar,ora,ar∅,0ar∅,0ora,*o>a¹ *a>∅²
árva,orpa,FU,,"orpasɜ, orwa orwasɜ",,arvɒ,orpa,arvɒ,0arvɒ,0orpa,*o>a¹ *a>ɒ²
fal,paδɜ,FU,,,,fɒl,paðɜ,fɒl∅,fɒl∅,paðɜ,*a>ɒ³ *ɜ>∅²
fajd,paδ'tɜ,FU,,,,fɒjd,paðʲtɜ,fɒjd∅,fɒjd∅,paðʲtɜ,*a>ɒ³ *ɜ>∅²
fagyal,pajɜ,U,,,,fɒɟɒl,pajɜ,fɒɟɒl∅,fɒɟɒl∅,pajɜ,*a>ɒ³ *ɜ>ɒ³
fakad,pakka,FU,,,,fɒkɒd,pakka,fɒkɒd∅,fɒkɒd∅,pakka,*a>ɒ³ *a>ɒ³
fal,pala,U,,,,fɒl,pala,fɒl∅,fɒl∅,pala,*a>ɒ³ *a>∅²
falu,palγɜ,Ug,,,,fɒlu,palɣɜ,fɒlu,fɒlu,palɣɜ,*a>ɒ³ *ɜ>u²
fagy,paĺa,FU,,,,fɒɟ,paʎa,fɒɟ∅,fɒɟ∅,palʲa,*a>ɒ³ *a>∅²
farag,parɜ,U,,,,fɒrɒɡ,parɜ,fɒrɒɡ∅,fɒrɒɡ∅,parɜ,*a>ɒ³ *ɜ>ɒ³
fazék,pata,FU,,,,fɒzek,pata,fɒzek∅,fɒzek∅,pata,*a>ɒ³ *a>e³
fëcske,päćkɜ,FU,,,,fet͡ʃkɛ,pæt͡ʃʲkɜ,fet͡ʃkɛ,fet͡ʃkɛ,pæt͡ʃʲkɜ,*æ>e³ *ɜ>ɛ²
fesl,päčɜ,Ug,,,,fɛʃl,pæt͡ʃɜ,fɛʃl∅,fɛʃl∅,pæt͡ʃɜ,*æ>ɛ³ *ɜ>∅²
fél,pälä,U,,,,fel,pælæ,fel∅,fel∅,pælæ,*æ>e³ *æ>∅²
fen,pänɜ,FU,,,,fɛn,pænɜ,fɛn∅,fɛn∅,pænɜ,*æ>ɛ³ *ɜ>∅²
fej,päŋe,U,,,,fɛj,pæŋe,fɛj∅,fɛj∅,pæŋe,*æ>ɛ³ *e>∅²
fűz,pećɜ,FU,,,,fyz,pet͡ʃʲɜ,fyz∅,fyz∅,pet͡ʃʲɜ,*e>y³ *ɜ>∅²
fő,peje,U,,,,fø,peje,fø,fø,peje,*e>ø³ *e>∅³
fél,pele ,FU,: ajtófélfa,(pēle),,fel,pele,fel∅,fel∅,pele,*e>e³ *e>∅²
fél,pele,U,,,,fel,pele,fel∅,fel∅,pele,*e>e³ *e>∅²
figyel,peljä,FU,,,,fiɟɛl,peljæ,fiɟɛl∅,fiɟɛl∅,pelhæ,*e>i³ *æ>ɛ³
fëd,pentɜ,FU,,,,fed,pentɜ,fed∅,fed∅,pentɜ,*e>e³ *ɜ>∅²
férëg,perkɜ ,FU,,(perkkɜ),,fereɡ,perkɜ,fereɡ∅,fereɡ∅,perkɜ,*e>e³ *ɜ>e³
bőr,perɜ,U,,,,bør,perɜ,bør∅,bør∅,perɜ,*e>ø³ *ɜ>∅²
fészëk,pesä,U,,,,fesek,pesæ,fesek∅,fesek∅,pesæ,*e>e³ *æ>e³
fëlëtt,piδe ,U,,(piδe-kä),,felett,piðe,felett∅,felett∅,piðe,*i>e³ *e>e³
fëlhő,pilwe ,FU,,(pilŋe),,felhø,pilβe,felhø,felhø,pilβe,*i>e³ *e>ø²
fog,piŋe,FU,,,,foɡ,piŋe,foɡ∅,foɡ∅,piŋe,*i>o³ *e>∅²
fogoly,piŋe ,U,,(püŋe),,foɡoj,piŋe,foɡoj∅,foɡoj∅,piŋe,*i>o³ *e>o³
fiú,pojka,FU,,,,fiu,pojka,fiu,fiu,pojka,*o>∅³ *a>∅³
bogyó,pola,FU,,,,boɟo,pola,boɟo,boɟo,pola,*o>o³ *a>o²
fos,pućka ,FU,,(paćka),,foʃ,put͡ʃʲka,foʃ∅,foʃ∅,put͡ʃʲka,*u>o³ *a>∅²
facsar,pućɜrɜ,FU,,,,fɒt͡ʃɒr,put͡ʃʲɜrɜ,fɒt͡ʃɒr∅,fɒt͡ʃɒr∅,put͡ʃʲɜrɜ,*u>ɒ³ *ɜ>ɒ³ *ɜ>∅²
fogy,pučɜ,FU,,,,foɟ,put͡ʃɜ,foɟ∅,foɟ∅,put͡ʃɜ,*u>o³ *ɜ>∅²
fut,pukta,U,,,,fut,pukta,fut∅,fut∅,pukta,*u>u³ *a>∅²
fan,puna,FU,,,,fɒn,puna,fɒn∅,fɒn∅,puna,*u>ɒ³ *a>∅²
fon,puna,U,,,,fon,puna,fon∅,fon∅,puna,*u>o³ *a>∅²
bonyolód,puńa,FU,,,,boɲolod,puɲa,boɲolod∅,boɲolod∅,punʲa,*u>o³ *a>o³ *∅>o³
fúr,pura,U,,,,fur,pura,fur∅,fur∅,pura,*u>u³ *a>∅²
far,purɜ,Ug,,,,fɒr,purɜ,fɒr∅,fɒr∅,purɜ,*u>ɒ³ *ɜ>∅²
foszl,puśɜ,Ug,,,,fosl,puʃʲɜ,fosl∅,fosl∅,puʃʲɜ,*u>o³ *ɜ>∅²
fa,puwɜ,U,,,,fɒ,puβɜ,fɒ,fɒ,puβɜ,*u>ɒ³ *ɜ>∅³
fúj,puwɜ ,U,,(puγɜ-),,fuj,puβɜ,fuj∅,fuj∅,puβɜ,*u>u³ *ɜ>∅²
fúl,puwɜ ,FU,,(puŋɜ-),,ful,puβɜ,ful∅,ful∅,puβɜ,*u>u³ *ɜ>∅²
fágy,pȣčɜ,FU,,,,faɟ,pȣt͡ʃɜ,faɟ∅,faɟ∅,pȣt͡ʃɜ,*ȣ>a³ *ɜ>∅²
fú,pȣjɜ,U,,,,fu,pȣjɜ,fu,fu,pȣjɜ,*ȣ>u³ *ɜ>∅³
fing,pȣnɜ,U,,,,finɡ,pȣnɜ,finɡ∅,finɡ∅,pȣnɜ,*ȣ>i³ *ɜ>∅²
forog,pȣrkɜ ,FU,,(pȣrγɜ-),,foroɡ,pȣrkɜ,foroɡ∅,foroɡ∅,pȣrkɜ,*ȣ>o³ *ɜ>o³
fáz,pȣtɜ,Ug,,,,faz,pȣtɜ,faz∅,faz∅,pȣtɜ,*ȣ>a³ *ɜ>∅²
fejsze,p¨jćɜ,U,,,,fɛjsɛ,p¨jt͡ʃʲɜ,fɛjsɛ,fɛjsɛ,p¨jt͡ʃʲɜ,*¨>ɛ³ *ɜ>ɛ²
fenyő,p¨nɜ,FU,,,,fɛɲø,p¨nɜ,fɛɲø,fɛɲø,p¨nɜ,*¨>ɛ³ *ɜ>ø²
rés,raćɜ,FU,,,,reʃ,rat͡ʃʲɜ,reʃ∅,reʃ∅,rat͡ʃʲɜ,*a>e³ *ɜ>∅²
rokon,rakka,FU,,,,rokon,rakka,rokon∅,rokon∅,rakka,*a>o³ *a>o³
rész,räćɜ,FU,,,,res,ræt͡ʃʲɜ,res∅,res∅,ræt͡ʃʲɜ,*æ>e³ *ɜ>∅²
rejt,reŋɜ ,Ug,,(rekɜ),,rɛjt,reŋɜ,rɛjt∅,rɛjt∅,reŋɜ,*e>ɛ³ *ɜ>∅²
ravasz,repä ,FU,,(repä-ćɜ),,rɒvɒs,repæ,rɒvɒs∅,rɒvɒs∅,repæ,*e>ɒ³ *æ>ɒ³
ró,rokɜ ,FU,,"(roγɜ-, rowɜ-)",", rowɜ-)",ro,rokɜ,ro,ro,rokɜ,*o>o³ *ɜ>∅³
áll,salkɜ,FU,,,,all,salkɜ,all∅,0all∅,salkɜ,*a>a¹ *ɜ>∅²
év,säje,U,,,,ev,sæje,ev∅,0ev∅,sæje,*æ>e¹ *e>∅²
ell,säle ,U,,(sälke-),,ɛll,sæle,ɛll∅,0ɛll∅,sæle,*æ>ɛ¹ *e>∅²
ég,säŋe,FU,,,,eɡ,sæŋe,eɡ∅,0eɡ∅,sæŋe,*æ>e¹ *e>∅²
epe,säppä,FU,,,,ɛpɛ,sæppæ,ɛpɛ,0ɛpɛ,sæppæ,*æ>ɛ¹ *æ>ɛ²
ér,särɜ,FU,,,,er,særɜ,er∅,0er∅,særɜ,*æ>e¹ *ɜ>∅²
őn,säwnä,FU,,,,øn,sæβnæ,øn∅,0øn∅,sæβnæ,*æ>ø¹ *æ>∅²
ëv,sewe ,FU,,(seγe-),,ev,seβe,ev∅,0ev∅,seβe,*e>e¹ *e>∅²
ín,sɤne ,U,,(sōne),,in,sɤne,in∅,0in∅,sɤne,*ɤ>i¹ *e>∅²
ősz,sikśe ,FU,,(sükśe),,øs,sikʃʲe,øs∅,0øs∅,sikʃʲe,*i>ø¹ *e>∅²
öl,sile ,FU,,(süle),,øl,sile,øl∅,0øl∅,sile,*i>ø¹ *e>∅²
ujj,soja,U,,,,ujj,soja,ujj∅,0ujj∅,soja,*o>u¹ *a>∅²
avat,soŋe,U,,,,ɒvɒt,soŋe,ɒvɒt∅,0ɒvɒt∅,soŋe,*o>ɒ¹ *e>ɒ³
agg,soŋkɜ ,FU,,(soŋɜ),,ɒɡɡ,soŋkɜ,ɒɡɡ∅,0ɒɡɡ∅,soŋkɜ,*o>ɒ¹ *ɜ>∅²
arasz,sorɜ,FU,,,", sorɜ-śɜ",ɒrɒs,sorɜ,ɒrɒs∅,0ɒrɒs∅,sorɜ,*o>ɒ¹ *ɜ>ɒ³
ujj,suδ'ɜ,U,,,,ujj,suðʲɜ,ujj∅,0ujj∅,suðʲɜ,*u>u¹ *ɜ>∅²
olvad,sula,FU,,,,olvɒd,sula,olvɒd∅,0olvɒd∅,sula,*u>o¹ *a>ɒ³
ő,s¨,FU,,,,ø,s¨,ø,0ø,s¨,*¨>ø¹
szaka,śakkɜ ,Ug,éjszaka,(śukkɜ),,ejsɒkɒ,ʃʲakkɜ,ejsɒkɒ,0ejsɒkɒ,ʃʲakkɜ,*a>e¹ *ɜ>ɒ³ *∅>ɒ²
szil,śala,FU,,,,sil,ʃʲala,sil∅,sil∅,ʃʲala,*a>i³ *a>∅²
szilánk,śale,FU,,,,silank,ʃʲale,silank∅,silank∅,ʃʲale,*a>i³ *e>a³
szál,śalkɜ,FU,,,,sal,ʃʲalkɜ,sal∅,sal∅,ʃʲalkɜ,*a>a³ *ɜ>∅²
szalag,śalɜ ,U,,"(śaδa), salɜ",", salɜ",sɒlɒɡ,ʃʲalɜ,sɒlɒɡ∅,sɒlɒɡ∅,ʃʲalɜ,*a>ɒ³ *ɜ>ɒ³
száldok,śaĺɜ,Ug,,,,saldok,ʃʲaʎɜ,saldok∅,saldok∅,ʃʲalʲɜ,*a>a³ *ɜ>o³
szürügy,śarɜ,U,,,,syryɟ,ʃʲarɜ,syryɟ∅,syryɟ∅,ʃʲarɜ,*a>y³ *ɜ>y³
szar,śarɜ ,FU,,(ćarɜ),,sɒr,ʃʲarɜ,sɒr∅,sɒr∅,ʃʲarɜ,*a>ɒ³ *ɜ>∅²
szárad,śarɜ,FU,,,,sarɒd,ʃʲarɜ,sarɒd∅,sarɒd∅,ʃʲarɜ,*a>a³ *ɜ>ɒ³
száz,śata,FU,,,,saz,ʃʲata,saz∅,saz∅,ʃʲata,*a>a³ *a>∅²
szel,śälä ,FU,,(ćälä-),,sɛl,ʃʲælæ,sɛl∅,sɛl∅,ʃʲælæ,*æ>ɛ³ *æ>∅²
sző,śäŋe,FU, ~ szöv,,,sø,ʃʲæŋe,sø,sø,ʃʲæŋe,*æ>ø³ *e>∅³
segg,śäŋkɜ,FU,,,,ʃɛɡɡ,ʃʲæŋkɜ,ʃɛɡɡ∅,ʃɛɡɡ∅,ʃʲæŋkɜ,*æ>ɛ³ *ɜ>∅²
szër,śerɜ,U,,,,ser,ʃʲerɜ,ser∅,ser∅,ʃʲerɜ,*e>e³ *ɜ>∅²
szív,śiδä ,U,,"(śiδä-mɜ), śüδä, śüδä-mɜ",", śüδä, śüδä-mɜ",siv,ʃʲiðæ,siv∅,siv∅,ʃʲiðæ,*i>i³ *æ>∅²
sün,śijele,FU,,,,ʃyn,ʃʲijele,ʃyn∅,ʃyn∅,ʃʲijele,*i>y³ *e>∅³ *e>∅²
szëm,śilmä,U,,,,sem,ʃʲilmæ,sem∅,sem∅,ʃʲilmæ,*i>e³ *æ>∅²
zaj,śoje,FU,,,,zɒj,ʃʲoje,zɒj∅,zɒj∅,ʃʲoje,*o>ɒ³ *e>∅²
szomjú,śomɜ,FU,,,,somju,ʃʲomɜ,somju,somju,ʃʲomɜ,*o>o³ *ɜ>u²
szarv,śorwa,FU,,,,sɒrv,ʃʲorβa,sɒrv∅,sɒrv∅,ʃʲorβa,*o>ɒ³ *a>∅²
szorul,śorɜ,FU,,,,sorul,ʃʲorɜ,sorul∅,sorul∅,ʃʲorɜ,*o>o³ *ɜ>u³
szúr,śurwa,FU,,,,sur,ʃʲurβa,sur∅,sur∅,ʃʲurβa,*u>u³ *a>∅²
szurok,śurɜ,FU,,,,surok,ʃʲurɜ,surok∅,surok∅,ʃʲurɜ,*u>u³ *ɜ>o³
száj,śuwe,U,,,,saj,ʃʲuβe,saj∅,saj∅,ʃʲuβe,*u>a³ *e>∅²
ér,šärɜ,FU,,,,er,ʃærɜ,er∅,0er∅,ʃærɜ,*æ>e¹ *ɜ>∅²
ér,šerɜ ,FU,,(šärɜ),,er,ʃerɜ,er∅,0er∅,ʃerɜ,*e>e¹ *ɜ>∅²
egér,šiŋere,FU,,,,ɛɡer,ʃiŋere,ɛɡer∅,0ɛɡer∅,ʃiŋere,*i>ɛ¹ *e>e³ *e>∅²
apad,šoppɜ ,FU,,(šappɜ-),,ɒpɒd,ʃoppɜ,ɒpɒd∅,0ɒpɒd∅,ʃoppɜ,*o>ɒ¹ *ɜ>ɒ³
irt,šurɜ,U,,,,irt,ʃurɜ,irt∅,0irt∅,ʃurɜ,*u>i¹ *ɜ>∅²
tapod,tappa,U,,,,tɒpod,tappa,tɒpod∅,tɒpod∅,tappa,*a>ɒ³ *a>o³
daru,tarɜkɜ ,FU,,(tarkɜ),,dɒru,tarɜkɜ,dɒru,dɒru,tarɜkɜ,*a>ɒ³ *ɜ>u³ *ɜ>∅³
té,tä,U,: tétova,,", te, ti",te,tæ,te,te,tæ,*æ>e²
tetű,täje,FU,,,,tɛty,tæje,tɛty,tɛty,tæje,*æ>ɛ³ *e>y²
tél,tälwä,FU,,,,tel,tælβæ,tel∅,tel∅,tælβæ,*æ>e³ *æ>∅²
tele,täwδe ,FU,,(tälkɜ),,tɛlɛ,tæβðe,tɛlɛ,tɛlɛ,tæβðe,*æ>ɛ³ *e>ɛ²
tüdő,täwe,U,,,,tydø,tæβe,tydø,tydø,tæβe,*æ>y³ *e>ø²
tëv,teke,FU," (të, tësz)",,,tev,teke,tev∅,tev∅,teke,*e>e³ *e>∅²
tűz,tekɜ,FU,,,,tyz,tekɜ,tyz∅,tyz∅,tekɜ,*e>y³ *ɜ>∅²
töm,temɜ,FU,,,,tøm,temɜ,tøm∅,tøm∅,temɜ,*e>ø³ *ɜ>∅²
több,teppɜ,FU,,,,tøbb,teppɜ,tøbb∅,tøbb∅,teppɜ,*e>ø³ *ɜ>∅²
tőr,terä,FU,,,,tør,teræ,tør∅,tør∅,teræ,*e>ø³ *æ>∅²
tér,terɜ,FU,,,,ter,terɜ,ter∅,ter∅,terɜ,*e>e³ *ɜ>∅²
tő,tiŋe ,FU,,(tüŋe),,tø,tiŋe,tø,tø,tiŋe,*i>ø³ *e>∅³
tova,to,U,,,,tovɒ,to,tovɒ,tovɒ,to,*o>o³ *∅>ɒ²
tat,totke,U, : tathal,,,tɒt,totke,tɒt∅,tɒt∅,totke,*o>ɒ³ *e>∅²
tavasz,towkɜ,FU,,,,tɒvɒs,toβkɜ,tɒvɒs∅,tɒvɒs∅,toβkɜ,*o>ɒ³ *ɜ>ɒ³
tó,towɜ,U,,,,to,toβɜ,to,to,toβɜ,*o>o³ *ɜ>∅³
tőgy,tuδ'ka,FU,,,", tuδ'ka-mɜ",tøɟ,tuðʲka,tøɟ∅,tøɟ∅,tuðʲka,*u>ø³ *a>∅²
tat,tuktɜ,U,,,,tɒt,tuktɜ,tɒt∅,tɒt∅,tuktɜ,*u>ɒ³ *ɜ>∅²
toll,tulka,U,,,,toll,tulka,toll∅,toll∅,tulka,*u>o³ *a>∅²
tud,tumte,U,,,,tud,tumte,tud∅,tud∅,tumte,*u>u³ *e>∅²
dug,tuŋke,FU,,,,duɡ,tuŋke,duɡ∅,duɡ∅,tuŋke,*u>u³ *e>∅²
tarja,turja,FU,,,,tɒrjɒ,turja,tɒrjɒ,tɒrjɒ,turja,*u>ɒ³ *a>ɒ²
të,t¨,U,,,,te,t¨,te,te,t¨,*¨>e²
ti,t¨,U,,,,ti,t¨,ti,ti,t¨,*¨>i²
úsz,uje,U,,,", oje-",us,uje,us∅,0us∅,0uje,*u>u¹ *e>∅²
út,utka,U,,,,ut,utka,ut∅,0ut∅,0utka,*u>u¹ *a>∅²
vessző,waćɜ,FU,,,,vɛʃsø,βat͡ʃʲɜ,vɛʃsø,vɛʃsø,βat͡ʃʲɜ,*a>ɛ³ *ɜ>ø²
vás,wačɜ,FU,,,,vaʃ,βat͡ʃɜ,vaʃ∅,vaʃ∅,βat͡ʃɜ,*a>a³ *ɜ>∅²
völgy,waδ'kɜ,U,,,,vølɟ,βaðʲkɜ,vølɟ∅,vølɟ∅,βaðʲkɜ,*a>ø³ *ɜ>∅²
vejsze,waja,FU,,,,vɛjsɛ,βaja,vɛjsɛ,vɛjsɛ,βaja,*a>ɛ³ *a>ɛ²
vöcsök,wajće,FU,,,,vøt͡ʃøk,βajt͡ʃʲe,vøt͡ʃøk∅,vøt͡ʃøk∅,βajt͡ʃʲe,*a>ø³ *e>ø³
vál,walka,FU,,,,val,βalka,val∅,val∅,βalka,*a>a³ *a>∅²
villám,walkɜ,FW,,,,villam,βalkɜ,villam∅,villam∅,βalkɜ,*a>i³ *ɜ>a³
villám,waĺɜ,FP,,,,villam,βaʎɜ,villam∅,villam∅,βalʲɜ,*a>i³ *ɜ>a³
vad,wamta,FU,,,,vɒd,βamta,vɒd∅,vɒd∅,βamta,*a>ɒ³ *a>∅²
vág,waŋɜ,Ug,,,", waŋkɜ-",vaɡ,βaŋɜ,vaɡ∅,vaɡ∅,βaŋɜ,*a>a³ *ɜ>∅²
varjú,warɜ,U,,,,vɒrju,βarɜ,vɒrju,vɒrju,βarɜ,*a>ɒ³ *ɜ>u²
virrad,warɜ,FU,,,,virrɒd,βarɜ,virrɒd∅,virrɒd∅,βarɜ,*a>i³ *ɜ>ɒ³
vas,waśke,U,,,,vɒʃ,βaʃʲke,vɒʃ∅,vɒʃ∅,βaʃʲke,*a>ɒ³ *e>∅²
véd,wäntɜ,FU,,,,ved,βæntɜ,ved∅,ved∅,βæntɜ,*æ>e³ *ɜ>∅²
vés,wäŋćɜ,FU,,,,veʃ,βæŋt͡ʃʲɜ,veʃ∅,veʃ∅,βæŋt͡ʃʲɜ,*æ>e³ *ɜ>∅²
vő,wäŋe,U,,,,vø,βæŋe,vø,vø,βæŋe,*æ>ø³ *e>∅³
öl,weδɜ,FU,,,,øl,βeðɜ,øl∅,0øl∅,βeðɜ,*e>ø¹ *ɜ>∅²
vékony,wekkɜ,FU,,,,vekoɲ,βekkɜ,vekoɲ∅,vekoɲ∅,βekkɜ,*e>e³ *ɜ>o³
vezet,wetä,FU,,,,vɛzɛt,βetæ,vɛzɛt∅,vɛzɛt∅,βetæ,*e>ɛ³ *æ>ɛ³
víz,wete,U,,,,viz,βete,viz∅,viz∅,βete,*e>i³ *e>∅²
vigyáz,wića,FU,,,,viɟaz,βit͡ʃʲa,viɟaz∅,viɟaz∅,βit͡ʃʲa,*i>i³ *a>a³
velő,wiδɜ ,FU,,(wiδɜ-mɜ),,vɛlø,βiðɜ,vɛlø,vɛlø,βiðɜ,*i>ɛ³ *ɜ>ø²
viv,wiγe,FU,,,,viv,βiɣe,viv∅,viv∅,βiɣe,*i>i³ *e>∅²
öv,wiŋä ,FU,,(wüŋä),,øv,βiŋæ,øv∅,0øv∅,βiŋæ,*i>ø¹ *æ>∅²
vér,wire,FU,,,,ver,βire,ver∅,ver∅,βire,*i>e³ *e>∅²
öt,witte,FU,,,,øt,βitte,øt∅,0øt∅,βitte,*i>ø¹ *e>∅²
vaj,woje,FU,,,,vɒj,βoje,vɒj∅,vɒj∅,βoje,*o>ɒ³ *e>∅²
vív,woje,FU,,,,viv,βoje,viv∅,viv∅,βoje,*o>i³ *e>∅²
vol,wole,FU,,,,vol,βole,vol∅,vol∅,βole,*o>o³ *e>∅²
váll,wolka,FU,,,,vall,βolka,vall∅,vall∅,βolka,*o>a³ *a>∅²
ón,wolnɜ,FU,,,,on,βolnɜ,on∅,0on∅,βolnɜ,*o>o¹ *ɜ>∅²
varr,workɜ,FU,,,,vɒrr,βorkɜ,vɒrr∅,vɒrr∅,βorkɜ,*o>ɒ³ *ɜ>∅²
új,wuδ'e,FU,,,,uj,βuðʲe,uj∅,0uj∅,βuðʲe,*u>u¹ *e>∅²
ásít,ȣćɜ,FU,,,,aʃit,ȣt͡ʃʲɜ,aʃit∅,0aʃit∅,0ȣt͡ʃʲɜ,*ȣ>a¹ *ɜ>i³
ë,¨,FU,?,,,e,¨,e,0e,0¨,*¨>e¹
utál,aktɜ,Ug,,,,utal,aktɜ,utal∅,0utal∅,0aktɜ,*a>u¹ *ɜ>a³
alom,alama  ,Ug,,(alɜ-mɜ),,ɒlom,alama,ɒlom∅,0ɒlom∅,0alama,*a>ɒ¹ *a>o³ *a>∅²
olt,alɜ ,Ug,,(alɜ-ttɜ-),,olt,alɜ,olt∅,0olt∅,0alɜ,*a>o¹ *ɜ>∅²
ágyék,ańćɜ,Ug,,,,aɟek,aɲt͡ʃʲɜ,aɟek∅,0aɟek∅,0anʲt͡ʃʲɜ,*a>a¹ *ɜ>e³
ara,arɜ ,Ug,,(arwa),,ɒrɒ,arɜ,ɒrɒ,0ɒrɒ,0arɜ,*a>ɒ¹ *ɜ>ɒ²
iránt,arɜ ,Ug,,(urɜ),,irant,arɜ,irant∅,0irant∅,0arɜ,*a>i¹ *ɜ>a³
i,äjɜ,Ug,: ifjú,,,i,æjɜ,i,0i,0æjɜ,*æ>i¹ *ɜ>∅³
Erdély,älɜ ,Ug,,"(äl-mɜ, älɜ-mɜ)",", älɜ-mɜ)",ɛrdej,ælɜ,ɛrdej∅,0ɛrdej∅,0ælɜ,*æ>ɛ¹ *ɜ>e³
ëb,ämpɜ  ,Ug,,(empɜ),,eb,æmpɜ,eb∅,0eb∅,0æmpɜ,*æ>e¹ *ɜ>∅²
epër,äppɜrɜkɜ,Ug,,,,ɛper,æppɜrɜkɜ,ɛper∅,0ɛper∅,0æppɜrɜkɜ,*æ>ɛ¹ *ɜ>e³ *ɜ>∅³ *ɜ>∅²
edz,ättɜ  ,Ug,,(ätɜ-),,ɛd͡z,ættɜ,ɛd͡z∅,0ɛd͡z∅,0ættɜ,*æ>ɛ¹ *ɜ>∅²
csókol,ćukkɜ ,Ug,,(ćukkɜ-lɜ-),,t͡ʃokol,t͡ʃʲukkɜ,t͡ʃokol∅,t͡ʃokol∅,t͡ʃʲukkɜ,*u>o³ *ɜ>o³
süpped,čeppɜ,Ug,,,,ʃyppɛd,t͡ʃeppɜ,ʃyppɛd∅,ʃyppɛd∅,t͡ʃeppɜ,*e>y³ *ɜ>ɛ³
sötét,čettɜ,Ug,,,,ʃøtet,t͡ʃettɜ,ʃøtet∅,ʃøtet∅,t͡ʃettɜ,*e>ø³ *ɜ>e³
süt,čittɜ,Ug,,,,ʃyt,t͡ʃittɜ,ʃyt∅,ʃyt∅,t͡ʃittɜ,*i>y³ *ɜ>∅²
arany,ϑarańa,Ug,,,", sarańa",ɒrɒɲ,θaraɲa,ɒrɒɲ∅,0ɒrɒɲ∅,θaranʲa,*a>ɒ¹ *a>ɒ³ *a>∅²
ár,ϑarɜ,Ug,,,,ar,θarɜ,ar∅,0ar∅,θarɜ,*a>a¹ *ɜ>∅²
asz,ϑasɜ,Ug,,,,ɒs,θasɜ,ɒs∅,0ɒs∅,θasɜ,*a>ɒ¹ *ɜ>∅²
hét,ϑäptɜ,Ug,,,", säptɜ",het,θæptɜ,het∅,het∅,θæptɜ,*æ>e³ *ɜ>∅²
áz,ϑȣćɜ,Ug,,,,az,θȣt͡ʃʲɜ,az∅,0az∅,θȣt͡ʃʲɜ,*ȣ>a¹ *ɜ>∅²
akad,ϑȣkkɜ,Ug,,,,ɒkɒd,θȣkkɜ,ɒkɒd∅,0ɒkɒd∅,θȣkkɜ,*ȣ>ɒ¹ *ɜ>ɒ³
ígér,eŋkɜrɜ,Ug,,,,iɡer,eŋkɜrɜ,iɡer∅,0iɡer∅,0eŋkɜrɜ,*e>i¹ *ɜ>e³ *ɜ>∅²
üsző,iśɜ  ,Ug,,(eśɜ),,ysø,iʃʲɜ,ysø,0ysø,0iʃʲɜ,*i>y¹ *ɜ>ø²
űz,itɜ,Ug,,,,yz,itɜ,yz∅,0yz∅,0itɜ,*i>y¹ *ɜ>∅²
jó,jomɜ  ,Ug,,(jamɜ),,jo,jomɜ,jo,jo,jomɜ,*o>o³ *ɜ>∅³
joh,ju,Ug,,,,joh,ju,joh∅,joh∅,ju,*u>o³
jut,juktɜ,Ug,,,,jut,juktɜ,jut∅,jut∅,juktɜ,*u>u³ *ɜ>∅²
gyak,jȣkkɜ,Ug,,,,ɟɒk,jȣkkɜ,ɟɒk∅,ɟɒk∅,jȣkkɜ,*ȣ>ɒ³ *ɜ>∅²
gyalu,jȣrɜ,Ug,,,,ɟɒlu,jȣrɜ,ɟɒlu,ɟɒlu,jȣrɜ,*ȣ>ɒ³ *ɜ>u²
ját,jȣttɜ,Ug,,,,jat,jȣttɜ,jat∅,jat∅,jȣttɜ,*ȣ>a³ *ɜ>∅²
gyökér,j¨kkɜrɜ,Ug,,,,ɟøker,j¨kkɜrɜ,ɟøker∅,ɟøker∅,j¨kkɜrɜ,*¨>ø³ *ɜ>e³ *ɜ>∅²
íz,j¨tɜ,Ug,,,,iz,j¨tɜ,iz∅,0iz∅,j¨tɜ,*¨>i¹ *ɜ>∅²
hasad,kaćɜ,Ug,,,,hɒʃɒd,kat͡ʃʲɜ,hɒʃɒd∅,hɒʃɒd∅,kat͡ʃʲɜ,*a>ɒ³ *ɜ>ɒ³
haj,kajɜ,Ug,,,,hɒj,kajɜ,hɒj∅,hɒj∅,kajɜ,*a>ɒ³ *ɜ>∅²
hajol,kajɜ,Ug,,,,hɒjol,kajɜ,hɒjol∅,hɒjol∅,kajɜ,*a>ɒ³ *ɜ>o³
harkály,karɜ,Ug,,,,hɒrkaj,karɜ,hɒrkaj∅,hɒrkaj∅,karɜ,*a>ɒ³ *ɜ>a³
híz,katɜ,Ug,,,,hiz,katɜ,hiz∅,hiz∅,katɜ,*a>i³ *ɜ>∅²
keshed,käńćɜ,Ug,,,", käćɜ",kɛʃhɛd,kæɲt͡ʃʲɜ,kɛʃhɛd∅,kɛʃhɛd∅,kænʲt͡ʃʲɜ,*æ>ɛ³ *ɜ>ɛ³
kísér,kećɜ,Ug,,,,kiʃer,ket͡ʃʲɜ,kiʃer∅,kiʃer∅,ket͡ʃʲɜ,*e>i³ *ɜ>e³
ki,ki ,Ug,,"(ki-mɜ), kü (kü-mɜ)",", kü (kü-mɜ)",ki,ki,ki,ki,ki,*i>i²
hattyú,kottɜŋɜ,Ug,,,,hɒtcu,kottɜŋɜ,hɒtcu,hɒtcu,kottɜŋɜ,*o>ɒ³ *ɜ>u³ *ɜ>∅³
hoz,kućɜ,Ug,,,,hoz,kut͡ʃʲɜ,hoz∅,hoz∅,kut͡ʃʲɜ,*u>o³ *ɜ>∅²
hagyap,kuδ'ɜ ,Ug,† ,(kuĺɜ-),,hɒɟɒp,kuðʲɜ,hɒɟɒp∅,hɒɟɒp∅,kuðʲɜ,*u>ɒ³ *ɜ>ɒ³
hód,kumtɜ  ,Ug,,(kuntɜ),,hod,kumtɜ,hod∅,hod∅,kumtɜ,*u>o³ *ɜ>∅²
húz,kupɜtɜ,Ug,,,,huz,kupɜtɜ,huz∅,huz∅,kupɜtɜ,*u>u³ *ɜ>∅³ *ɜ>∅²
hagy,kȣńćɜ,Ug,: hagymáz,,,hɒɟ,kȣɲt͡ʃʲɜ,hɒɟ∅,hɒɟ∅,kȣnʲt͡ʃʲɜ,*ȣ>ɒ³ *ɜ>∅²
kesered,k¨ćɜ ,Ug,,(k¨ćɜ-rɜ),,kɛʃɛrɛd,k¨t͡ʃʲɜ,kɛʃɛrɛd∅,kɛʃɛrɛd∅,k¨t͡ʃʲɜ,*¨>ɛ³ *ɜ>ɛ³ *∅>ɛ³
köles,k¨lɜ ,Ug,,"(k¨lɜ-ćɜ), k¨lɜćɜ",", k¨lɜćɜ",kølɛʃ,k¨lɜ,kølɛʃ∅,kølɛʃ∅,k¨lɜ,*¨>ø³ *ɜ>ɛ³
kedv,k¨ntɜ,Ug,,,,kɛdv,k¨ntɜ,kɛdv∅,kɛdv∅,k¨ntɜ,*¨>ɛ³ *ɜ>∅²
könnyű,k¨nɜ,Ug,,,,kønɲy,k¨nɜ,kønɲy,kønɲy,k¨nɜ,*¨>ø³ *ɜ>y²
köszörül,k¨sɜ,Ug,,,,køsøryl,k¨sɜ,køsøryl∅,køsøryl∅,k¨sɜ,*¨>ø³ *ɜ>ø³ *∅>y³
les,läćɜ,Ug,,,,lɛʃ,læt͡ʃʲɜ,lɛʃ∅,lɛʃ∅,læt͡ʃʲɜ,*æ>ɛ³ *ɜ>∅²
ló,luwɜ ,Ug,,(luγǝ),,lo,luβɜ,lo,lo,luβɜ,*u>o³ *ɜ>∅³
malát,malkɜ,Ug,,,,mɒlat,malkɜ,mɒlat∅,mɒlat∅,malkɜ,*a>ɒ³ *ɜ>a³
magyar,mańćɜ,Ug,,,,mɒɟɒr,maɲt͡ʃʲɜ,mɒɟɒr∅,mɒɟɒr∅,manʲt͡ʃʲɜ,*a>ɒ³ *ɜ>ɒ³
mese,mańćɜ,Ug,,,", maćɜ",mɛʃɛ,maɲt͡ʃʲɜ,mɛʃɛ,mɛʃɛ,manʲt͡ʃʲɜ,*a>ɛ³ *ɜ>ɛ²
márt,marɜ,Ug,,,,mart,marɜ,mart∅,mart∅,marɜ,*a>a³ *ɜ>∅²
meleg,mälɜ,Ug,,,,mɛlɛɡ,mælɜ,mɛlɛɡ∅,mɛlɛɡ∅,mælɜ,*æ>ɛ³ *ɜ>ɛ³
mer,märɜ,Ug,,,,mɛr,mærɜ,mɛr∅,mɛr∅,mærɜ,*æ>ɛ³ *ɜ>∅²
mer,märɜ,Ug,,,,mɛr,mærɜ,mɛr∅,mɛr∅,mærɜ,*æ>ɛ³ *ɜ>∅²
meztelen,mećɜ,Ug,,,", meśɜ-",mɛztɛlɛn,met͡ʃʲɜ,mɛztɛlɛn∅,mɛztɛlɛn∅,met͡ʃʲɜ,*e>ɛ³ *ɜ>ɛ³ *∅>ɛ³
mély,melɜ,Ug,,,,mej,melɜ,mej∅,mej∅,melɜ,*e>e³ *ɜ>∅²
mënyül,menɜ,Ug,: kimënyül,,,meɲyl,menɜ,meɲyl∅,meɲyl∅,menɜ,*e>e³ *ɜ>y³
mered,merɜ  ,Ug,,(märɜ-),,mɛrɛd,merɜ,mɛrɛd∅,mɛrɛd∅,merɜ,*e>ɛ³ *ɜ>ɛ³
marok,mȣrɜ,Ug,,,,mɒrok,mȣrɜ,mɒrok∅,mɒrok∅,mȣrɜ,*ȣ>ɒ³ *ɜ>o³
nevet,m¨kɜ  ,Ug,,(m¨γɜ-),,nɛvɛt,m¨kɜ,nɛvɛt∅,nɛvɛt∅,m¨kɜ,*¨>ɛ³ *ɜ>ɛ³
méltó,m¨lɜ,Ug,,,,melto,m¨lɜ,melto,melto,m¨lɜ,*¨>e³ *ɜ>o²
nyék,näkɜ  ,Ug,Kápolnásnyék,(nekɜ-),,ɲek,nækɜ,ɲek∅,ɲek∅,nækɜ,*æ>e³ *ɜ>∅²
nyerëg,närkɜ,Ug,,,,ɲɛreɡ,nærkɜ,ɲɛreɡ∅,ɲɛreɡ∅,nærkɜ,*æ>ɛ³ *ɜ>e³
nyolc,ńalɜ,Ug,,,,ɲolt͡s,ɲalɜ,ɲolt͡s∅,ɲolt͡s∅,nʲalɜ,*a>o³ *ɜ>∅²
nyer,ńärɜ,Ug,,,,ɲɛr,ɲærɜ,ɲɛr∅,ɲɛr∅,nʲærɜ,*æ>ɛ³ *ɜ>∅²
oldal,oŋtɜ ,Ug,,(oŋtɜ-lɜ),,oldɒl,oŋtɜ,oldɒl∅,0oldɒl∅,0oŋtɜ,*o>o¹ *ɜ>ɒ³
fék,päkkɜ,Ug,,,,fek,pækkɜ,fek∅,fek∅,pækkɜ,*æ>e³ *ɜ>∅²
fejt,pejɜ,Ug,,,,fɛjt,pejɜ,fɛjt∅,fɛjt∅,pejɜ,*e>ɛ³ *ɜ>∅²
fekély,pekkɜ,Ug,,,,fɛkej,pekkɜ,fɛkej∅,fɛkej∅,pekkɜ,*e>ɛ³ *ɜ>e³
födél,pentɜlɜ,Ug,,,,fødel,pentɜlɜ,fødel∅,fødel∅,pentɜlɜ,*e>ø³ *ɜ>e³ *ɜ>∅²
füst,pičɜ  ,Ug,,(pićɜ),,fyʃt,pit͡ʃɜ,fyʃt∅,fyʃt∅,pit͡ʃɜ,*i>y³ *ɜ>∅²
fűl,pilɜ,Ug,,,,fyl,pilɜ,fyl∅,fyl∅,pilɜ,*i>y³ *ɜ>∅²
fű,pimɜ,Ug,,,,fy,pimɜ,fy,fy,pimɜ,*i>y³ *ɜ>∅³
fok,pukkɜ,Ug,,,,fok,pukkɜ,fok∅,fok∅,pukkɜ,*u>o³ *ɜ>∅²
fulánk,pulɜ,Ug,,,,fulank,pulɜ,fulank∅,fulank∅,pulɜ,*u>u³ *ɜ>a³
fog,puŋɜ,Ug,,,,foɡ,puŋɜ,foɡ∅,foɡ∅,puŋɜ,*u>o³ *ɜ>∅²
fárad,pȣγrɜ,Ug,,,", pȣrkɜ-",farɒd,pȣɣrɜ,farɒd∅,farɒd∅,pȣɣrɜ,*ȣ>a³ *ɜ>ɒ³
foly,pȣlɜ,Ug,,,,foj,pȣlɜ,foj∅,foj∅,pȣlɜ,*ȣ>o³ *ɜ>∅²
faggyú,pȣĺćɜ,Ug,,,,fɒɡɟu,pȣʎt͡ʃʲɜ,fɒɡɟu,fɒɡɟu,pȣlʲt͡ʃʲɜ,*ȣ>ɒ³ *ɜ>u²
fekete,p¨kkɜttɜ,Ug,,,,fɛkɛtɛ,p¨kkɜttɜ,fɛkɛtɛ,fɛkɛtɛ,p¨kkɜttɜ,*¨>ɛ³ *ɜ>ɛ³ *ɜ>ɛ²
rá,raŋɜ,Ug,,,,ra,raŋɜ,ra,ra,raŋɜ,*a>a³ *ɜ>∅³
rokkan,rȣkkɜ,Ug,,,,rokkɒn,rȣkkɜ,rokkɒn∅,rokkɒn∅,rȣkkɜ,*ȣ>o³ *ɜ>ɒ³
szó,sawɜ,Ug,,,,so,saβɜ,so,so,saβɜ,*a>o³ *ɜ>∅³
szőr,säγɜrɜ,Ug,,,", säkrɜ",sør,sæɣɜrɜ,sør∅,sør∅,sæɣɜrɜ,*æ>ø³ *ɜ>∅³ *ɜ>∅²
szél,selɜ,Ug,,,,sel,selɜ,sel∅,sel∅,selɜ,*e>e³ *ɜ>∅²
szëg,seŋkɜ,Ug,,,,seɡ,seŋkɜ,seɡ∅,seɡ∅,seŋkɜ,*e>e³ *ɜ>∅²
szül,silɜ,Ug,,,,syl,silɜ,syl∅,syl∅,silɜ,*i>y³ *ɜ>∅²
zug,suŋɜ,Ug,,,,zuɡ,suŋɜ,zuɡ∅,zuɡ∅,suŋɜ,*u>u³ *ɜ>∅²
szédül,sȣjɜ ,Ug,,,", > s¨jɜ-",sedyl,sȣjɜ,sedyl∅,sedyl∅,sȣjɜ,*ȣ>e³ *ɜ>y³
szalu,sȣlkɜ  ,Ug,,(sȣlγɜ),,sɒlu,sȣlkɜ,sɒlu,sɒlu,sȣlkɜ,*ȣ>ɒ³ *ɜ>u²
száguld,sȣŋɜ,Ug,,,,saɡuld,sȣŋɜ,saɡuld∅,saɡuld∅,sȣŋɜ,*ȣ>a³ *ɜ>u³
szár,sȣrɜ,Ug,,,,sar,sȣrɜ,sar∅,sar∅,sȣrɜ,*ȣ>a³ *ɜ>∅²
titok,tajɜttɜ,Ug,,,,titok,tajɜttɜ,titok∅,titok∅,tajɜttɜ,*a>i³ *ɜ>o³ *ɜ>∅²
tál,talɜ,Ug,,,,tal,talɜ,tal∅,tal∅,talɜ,*a>a³ *ɜ>∅²
tekint,täkkɜ,Ug,,,,tɛkint,tækkɜ,tɛkint∅,tɛkint∅,tækkɜ,*æ>ɛ³ *ɜ>i³
tegëz,täŋɜtɜ,Ug,,,,tɛɡez,tæŋɜtɜ,tɛɡez∅,tɛɡez∅,tæŋɜtɜ,*æ>ɛ³ *ɜ>e³ *ɜ>∅²
tér,tärɜ,Ug,,,,ter,tærɜ,ter∅,ter∅,tærɜ,*æ>e³ *ɜ>∅²
téved,tepɜ,Ug,,,,tevɛd,tepɜ,tevɛd∅,tevɛd∅,tepɜ,*e>e³ *ɜ>ɛ³
táltos,tultɜ,Ug,,,,taltoʃ,tultɜ,taltoʃ∅,taltoʃ∅,tultɜ,*u>a³ *ɜ>o³
torok,turɜ,Ug,,,,torok,turɜ,torok∅,torok∅,turɜ,*u>o³ *ɜ>o³
tűz,tüγɜtɜ,Ug,,,", tüwɜ-tɜ",tyz,tyɣɜtɜ,tyz∅,tyz∅,tyɣɜtɜ,*y>y³ *ɜ>∅³ *ɜ>∅²
domb,tȣmpɜ,Ug,,,,domb,tȣmpɜ,domb∅,domb∅,tȣmpɜ,*ȣ>o³ *ɜ>∅²
dob,tȣmpɜ,Ug,,,,dob,tȣmpɜ,dob∅,dob∅,tȣmpɜ,*ȣ>o³ *ɜ>∅²
vár,warɜ,Ug,,,,var,βarɜ,var∅,var∅,βarɜ,*a>a³ *ɜ>∅²
vese,w¨ćɜ,Ug,,,,vɛʃɛ,β¨t͡ʃʲɜ,vɛʃɛ,vɛʃɛ,β¨t͡ʃʲɜ,*¨>ɛ³ *ɜ>ɛ²
ajtó,ȣjɜ,Ug,,,,ɒjto,ȣjɜ,ɒjto,0ɒjto,0ȣjɜ,*ȣ>ɒ¹ *ɜ>o²
