Hun,0+H+∅,0,cnt0,ex0,1,cnt1,ex1,2,cnt2,ex2,3,cnt3,ex3,4,cnt4,ex4,5,cnt5,ex5,6,cnt6,ex6,cnt∑,ex∑,Clen,Vlen,Soundlen,NSE
al,0ɒl∅,*0>0¹,12,"*ala>al, *aŋe>aj, *e>ez, *ećɜ>es, *elä>él, *emä>em, *ićä>ős, *ime>emlő, *ipɜ>íz, *o>az, *uje>úsz, *utka>út, ",*a>ɒ¹,2,"*ala>al, *aŋe>aj, ",*l>l³,12,"*ala>al, *elä>él, *kala>hal, *kalɜ>háló, *kola>hal, *ńele>nyel, *ńɤle>nyíl, *ńole>nyal, *pala>fal, *pälä>fél, *pele>fél, *śalɜ >szalag, ",*a>∅²,18,"*ala>al, *kaća>hős, *kaδ'a>hagy, *kala>hal, *kama>háml, *kola>hal, *kumpa>hab, *kuńa>huny, *maksa>máj, *mura>mar, *ńoma>nyúl, *pala>fal, *pukta>fut, *puna>fon, *pura>fúr, *soja>ujj, *tulka>toll, *utka>út, ",-,0,0,-,0,0,-,0,0,44," *ala>al, *aŋe>aj, *e>ez, *ećɜ>es, *elä>él, *emä>em, *ićä>ős, *ime>emlő, *ipɜ>íz, *o>az, *uje>úsz, *utka>út,  *ala>al, *aŋe>aj,  *ala>al, *elä>él, *kala>hal, *kalɜ>háló, *kola>hal, *ńele>nyel, *ńɤle>nyíl, *ńole>nyal, *pala>fal, *pälä>fél, *pele>fél, *śalɜ >szalag,  *ala>al, *kaća>hős, *kaδ'a>hagy, *kala>hal, *kama>háml, *kola>hal, *kumpa>hab, *kuńa>huny, *maksa>máj, *mura>mar, *ńoma>nyúl, *pala>fal, *pukta>fut, *puna>fon, *pura>fúr, *soja>ujj, *tulka>toll, *utka>út,  0 0 0",2,2,4,11.0
aj,0ɒj∅,*0>0¹,12,"*ala>al, *aŋe>aj, *e>ez, *ećɜ>es, *elä>él, *emä>em, *ićä>ős, *ime>emlő, *ipɜ>íz, *o>az, *uje>úsz, *utka>út, ",*a>ɒ¹,2,"*ala>al, *aŋe>aj, ",*ŋ>j³,2,"*aŋe>aj, *päŋe>fej, ",*e>∅²,21,"*aŋe>aj, *kińe>könny, *kuńće>húgy, *mene>mën, *muśke>mos, *niδe>nyél, *nime>név, *ńele>nyel, *ńɤle>nyíl, *ńole>nyal, *päŋe>fej, *pele>fél, *säje>év, *säle >ell, *sɤne >ín, *śuwe>száj, *totke>tat, *tumte>tud, *uje>úsz, *waśke>vas, *wete>víz, ",-,0,0,-,0,0,-,0,0,37," *ala>al, *aŋe>aj, *e>ez, *ećɜ>es, *elä>él, *emä>em, *ićä>ős, *ime>emlő, *ipɜ>íz, *o>az, *uje>úsz, *utka>út,  *ala>al, *aŋe>aj,  *aŋe>aj, *päŋe>fej,  *aŋe>aj, *kińe>könny, *kuńće>húgy, *mene>mën, *muśke>mos, *niδe>nyél, *nime>név, *ńele>nyel, *ńɤle>nyíl, *ńole>nyal, *päŋe>fej, *pele>fél, *säje>év, *säle >ell, *sɤne >ín, *śuwe>száj, *totke>tat, *tumte>tud, *uje>úsz, *waśke>vas, *wete>víz,  0 0 0",2,2,4,9.25
süh,ʃyh∅,*t͡ʃʲ>ʃ¹,1,"*ćiklä>süh, ",*i>y³,2,"*ćiklä>süh, *ńikɜ>nyű, ",*kl>h³,1,"*ćiklä>süh, ",*æ>∅²,8,"*ćiklä>süh, *elä>él, *emä>em, *ićä>ős, *mińä>mëny, *pälä>fél, *śiδä >szív, *śilmä>szëm, ",-,0,0,-,0,0,-,0,0,12," *ćiklä>süh,  *ćiklä>süh, *ńikɜ>nyű,  *ćiklä>süh,  *ćiklä>süh, *elä>él, *emä>em, *ićä>ős, *mińä>mëny, *pälä>fél, *śiδä >szív, *śilmä>szëm,  0 0 0",2,2,4,3.0
csorog,t͡ʃoroɡ∅,*t͡ʃʲ>t͡ʃ³,2,"*ćorɜ>csorog, *ć¨nɜ>csün, ",*o>o³,5,"*ćorɜ>csorog, *joke>jó, *końćɜ>hosszú, *to>tova, *towɜ>tó, ",*r>r³,10,"*ćorɜ>csorog, *kurɜ>harántos, *mura>mar, *mȣrɜ>mar, *ńorɜ>nyirok, *parɜ>farag, *perɜ>bőr, *pura>fúr, *śarɜ>szürügy, *śerɜ>szër, ",*ɜ>o³,3,"*ćorɜ>csorog, *lappɜ>lapos, *ńorɜ>nyirok, ",*0>ɡ³,4,"*ćorɜ>csorog, *jänte>ideg, *parɜ>farag, *śalɜ >szalag, ",-,0,0,-,0,0,24," *ćorɜ>csorog, *ć¨nɜ>csün,  *ćorɜ>csorog, *joke>jó, *końćɜ>hosszú, *to>tova, *towɜ>tó,  *ćorɜ>csorog, *kurɜ>harántos, *mura>mar, *mȣrɜ>mar, *ńorɜ>nyirok, *parɜ>farag, *perɜ>bőr, *pura>fúr, *śarɜ>szürügy, *śerɜ>szër,  *ćorɜ>csorog, *lappɜ>lapos, *ńorɜ>nyirok,  *ćorɜ>csorog, *jänte>ideg, *parɜ>farag, *śalɜ >szalag,  0 0",3,2,5,4.8
csün,t͡ʃyn∅,*t͡ʃʲ>t͡ʃ³,2,"*ćorɜ>csorog, *ć¨nɜ>csün, ",*¨>y³,1,"*ć¨nɜ>csün, ",*n>n³,4,"*ć¨nɜ>csün, *mene>mën, *puna>fon, *sɤne >ín, ",*ɜ>∅²,18,"*ć¨nɜ>csün, *ećɜ>es, *ipɜ>íz, *joŋsɜ>íj, *kattɜ>hat, *kintɜ>köd, *kojmɜ>hím, *kuńćɜ>húgy, *kuttɜ>hát, *mȣrɜ>mar, *perɜ>bőr, *puwɜ >fúj, *pȣnɜ>fing, *suδ'ɜ>ujj, *śerɜ>szër, *šurɜ>irt, *tuktɜ>tat, *waδ'kɜ>völgy, ",-,0,0,-,0,0,-,0,0,25," *ćorɜ>csorog, *ć¨nɜ>csün,  *ć¨nɜ>csün,  *ć¨nɜ>csün, *mene>mën, *puna>fon, *sɤne >ín,  *ć¨nɜ>csün, *ećɜ>es, *ipɜ>íz, *joŋsɜ>íj, *kattɜ>hat, *kintɜ>köd, *kojmɜ>hím, *kuńćɜ>húgy, *kuttɜ>hát, *mȣrɜ>mar, *perɜ>bőr, *puwɜ >fúj, *pȣnɜ>fing, *suδ'ɜ>ujj, *śerɜ>szër, *šurɜ>irt, *tuktɜ>tat, *waδ'kɜ>völgy,  0 0 0",2,2,4,6.25
ez,0ɛz∅,*0>0¹,12,"*ala>al, *aŋe>aj, *e>ez, *ećɜ>es, *elä>él, *emä>em, *ićä>ős, *ime>emlő, *ipɜ>íz, *o>az, *uje>úsz, *utka>út, ",*e>ɛ¹,3,"*e>ez, *ećɜ>es, *emä>em, ",*0>z³,2,"*e>ez, *o>az, ",-,0,0,-,0,0,-,0,0,-,0,0,17," *ala>al, *aŋe>aj, *e>ez, *ećɜ>es, *elä>él, *emä>em, *ićä>ős, *ime>emlő, *ipɜ>íz, *o>az, *uje>úsz, *utka>út,  *e>ez, *ećɜ>es, *emä>em,  *e>ez, *o>az,  0 0 0 0",2,1,3,5.666666666666667
es,0ɛʃ∅,*0>0¹,12,"*ala>al, *aŋe>aj, *e>ez, *ećɜ>es, *elä>él, *emä>em, *ićä>ős, *ime>emlő, *ipɜ>íz, *o>az, *uje>úsz, *utka>út, ",*e>ɛ¹,3,"*e>ez, *ećɜ>es, *emä>em, ",*t͡ʃʲ>ʃ³,3,"*ećɜ>es, *ićä>ős, *kaća>hős, ",*ɜ>∅²,18,"*ć¨nɜ>csün, *ećɜ>es, *ipɜ>íz, *joŋsɜ>íj, *kattɜ>hat, *kintɜ>köd, *kojmɜ>hím, *kuńćɜ>húgy, *kuttɜ>hát, *mȣrɜ>mar, *perɜ>bőr, *puwɜ >fúj, *pȣnɜ>fing, *suδ'ɜ>ujj, *śerɜ>szër, *šurɜ>irt, *tuktɜ>tat, *waδ'kɜ>völgy, ",-,0,0,-,0,0,-,0,0,36," *ala>al, *aŋe>aj, *e>ez, *ećɜ>es, *elä>él, *emä>em, *ićä>ős, *ime>emlő, *ipɜ>íz, *o>az, *uje>úsz, *utka>út,  *e>ez, *ećɜ>es, *emä>em,  *ećɜ>es, *ićä>ős, *kaća>hős,  *ć¨nɜ>csün, *ećɜ>es, *ipɜ>íz, *joŋsɜ>íj, *kattɜ>hat, *kintɜ>köd, *kojmɜ>hím, *kuńćɜ>húgy, *kuttɜ>hát, *mȣrɜ>mar, *perɜ>bőr, *puwɜ >fúj, *pȣnɜ>fing, *suδ'ɜ>ujj, *śerɜ>szër, *šurɜ>irt, *tuktɜ>tat, *waδ'kɜ>völgy,  0 0 0",2,2,4,9.0
él,0el∅,*0>0¹,12,"*ala>al, *aŋe>aj, *e>ez, *ećɜ>es, *elä>él, *emä>em, *ićä>ős, *ime>emlő, *ipɜ>íz, *o>az, *uje>úsz, *utka>út, ",*e>e¹,1,"*elä>él, ",*l>l³,12,"*ala>al, *elä>él, *kala>hal, *kalɜ>háló, *kola>hal, *ńele>nyel, *ńɤle>nyíl, *ńole>nyal, *pala>fal, *pälä>fél, *pele>fél, *śalɜ >szalag, ",*æ>∅²,8,"*ćiklä>süh, *elä>él, *emä>em, *ićä>ős, *mińä>mëny, *pälä>fél, *śiδä >szív, *śilmä>szëm, ",-,0,0,-,0,0,-,0,0,33," *ala>al, *aŋe>aj, *e>ez, *ećɜ>es, *elä>él, *emä>em, *ićä>ős, *ime>emlő, *ipɜ>íz, *o>az, *uje>úsz, *utka>út,  *elä>él,  *ala>al, *elä>él, *kala>hal, *kalɜ>háló, *kola>hal, *ńele>nyel, *ńɤle>nyíl, *ńole>nyal, *pala>fal, *pälä>fél, *pele>fél, *śalɜ >szalag,  *ćiklä>süh, *elä>él, *emä>em, *ićä>ős, *mińä>mëny, *pälä>fél, *śiδä >szív, *śilmä>szëm,  0 0 0",2,2,4,8.25
em,0ɛm∅,*0>0¹,12,"*ala>al, *aŋe>aj, *e>ez, *ećɜ>es, *elä>él, *emä>em, *ićä>ős, *ime>emlő, *ipɜ>íz, *o>az, *uje>úsz, *utka>út, ",*e>ɛ¹,3,"*e>ez, *ećɜ>es, *emä>em, ",*m>m³,1,"*emä>em, ",*æ>∅²,8,"*ćiklä>süh, *elä>él, *emä>em, *ićä>ős, *mińä>mëny, *pälä>fél, *śiδä >szív, *śilmä>szëm, ",-,0,0,-,0,0,-,0,0,24," *ala>al, *aŋe>aj, *e>ez, *ećɜ>es, *elä>él, *emä>em, *ićä>ős, *ime>emlő, *ipɜ>íz, *o>az, *uje>úsz, *utka>út,  *e>ez, *ećɜ>es, *emä>em,  *emä>em,  *ćiklä>süh, *elä>él, *emä>em, *ićä>ős, *mińä>mëny, *pälä>fél, *śiδä >szív, *śilmä>szëm,  0 0 0",2,2,4,6.0
ős,0øʃ∅,*0>0¹,12,"*ala>al, *aŋe>aj, *e>ez, *ećɜ>es, *elä>él, *emä>em, *ićä>ős, *ime>emlő, *ipɜ>íz, *o>az, *uje>úsz, *utka>út, ",*i>ø¹,1,"*ićä>ős, ",*t͡ʃʲ>ʃ³,3,"*ećɜ>es, *ićä>ős, *kaća>hős, ",*æ>∅²,8,"*ćiklä>süh, *elä>él, *emä>em, *ićä>ős, *mińä>mëny, *pälä>fél, *śiδä >szív, *śilmä>szëm, ",-,0,0,-,0,0,-,0,0,24," *ala>al, *aŋe>aj, *e>ez, *ećɜ>es, *elä>él, *emä>em, *ićä>ős, *ime>emlő, *ipɜ>íz, *o>az, *uje>úsz, *utka>út,  *ićä>ős,  *ećɜ>es, *ićä>ős, *kaća>hős,  *ćiklä>süh, *elä>él, *emä>em, *ićä>ős, *mińä>mëny, *pälä>fél, *śiδä >szív, *śilmä>szëm,  0 0 0",2,2,4,6.0
emlő,0ɛmlø,*0>0¹,12,"*ala>al, *aŋe>aj, *e>ez, *ećɜ>es, *elä>él, *emä>em, *ićä>ős, *ime>emlő, *ipɜ>íz, *o>az, *uje>úsz, *utka>út, ",*i>ɛ¹,1,"*ime>emlő, ",*m>ml³,3,"*ime>emlő, *kama>háml, *kuma>homlok, ",*e>ø²,2,"*ime>emlő, *täwe>tüdő, ",-,0,0,-,0,0,-,0,0,18," *ala>al, *aŋe>aj, *e>ez, *ećɜ>es, *elä>él, *emä>em, *ićä>ős, *ime>emlő, *ipɜ>íz, *o>az, *uje>úsz, *utka>út,  *ime>emlő,  *ime>emlő, *kama>háml, *kuma>homlok,  *ime>emlő, *täwe>tüdő,  0 0 0",2,2,4,4.5
íz,0iz∅,*0>0¹,12,"*ala>al, *aŋe>aj, *e>ez, *ećɜ>es, *elä>él, *emä>em, *ićä>ős, *ime>emlő, *ipɜ>íz, *o>az, *uje>úsz, *utka>út, ",*i>i¹,1,"*ipɜ>íz, ",*p>z³,1,"*ipɜ>íz, ",*ɜ>∅²,18,"*ć¨nɜ>csün, *ećɜ>es, *ipɜ>íz, *joŋsɜ>íj, *kattɜ>hat, *kintɜ>köd, *kojmɜ>hím, *kuńćɜ>húgy, *kuttɜ>hát, *mȣrɜ>mar, *perɜ>bőr, *puwɜ >fúj, *pȣnɜ>fing, *suδ'ɜ>ujj, *śerɜ>szër, *šurɜ>irt, *tuktɜ>tat, *waδ'kɜ>völgy, ",-,0,0,-,0,0,-,0,0,32," *ala>al, *aŋe>aj, *e>ez, *ećɜ>es, *elä>él, *emä>em, *ićä>ős, *ime>emlő, *ipɜ>íz, *o>az, *uje>úsz, *utka>út,  *ipɜ>íz,  *ipɜ>íz,  *ć¨nɜ>csün, *ećɜ>es, *ipɜ>íz, *joŋsɜ>íj, *kattɜ>hat, *kintɜ>köd, *kojmɜ>hím, *kuńćɜ>húgy, *kuttɜ>hát, *mȣrɜ>mar, *perɜ>bőr, *puwɜ >fúj, *pȣnɜ>fing, *suδ'ɜ>ujj, *śerɜ>szër, *šurɜ>irt, *tuktɜ>tat, *waδ'kɜ>völgy,  0 0 0",2,2,4,8.0
ideg,0idɛɡ∅,*j>0¹,2,"*jänte>ideg, *joŋsɜ>íj, ",*æ>i¹,1,"*jänte>ideg, ",*nt>d³,2,"*jänte>ideg, *kintɜ>köd, ",*e>ɛ³,2,"*jänte>ideg, *ńele>nyel, ",*0>ɡ³,4,"*ćorɜ>csorog, *jänte>ideg, *parɜ>farag, *śalɜ >szalag, ",-,0,0,-,0,0,11," *jänte>ideg, *joŋsɜ>íj,  *jänte>ideg,  *jänte>ideg, *kintɜ>köd,  *jänte>ideg, *ńele>nyel,  *ćorɜ>csorog, *jänte>ideg, *parɜ>farag, *śalɜ >szalag,  0 0",3,2,5,2.2
jó,jo0∅,*j>j¹,1,"*joke>jó, ",*o>o³,5,"*ćorɜ>csorog, *joke>jó, *końćɜ>hosszú, *to>tova, *towɜ>tó, ",*k>0³,2,"*joke>jó, *ńikɜ>nyű, ",*e>∅³,4,"*joke>jó, *kuŋe>hó, *peje>fő, *wäŋe>vő, ",-,0,0,-,0,0,-,0,0,12," *joke>jó,  *ćorɜ>csorog, *joke>jó, *końćɜ>hosszú, *to>tova, *towɜ>tó,  *joke>jó, *ńikɜ>nyű,  *joke>jó, *kuŋe>hó, *peje>fő, *wäŋe>vő,  0 0 0",2,2,4,3.0
íj,0ij∅,*j>0¹,2,"*jänte>ideg, *joŋsɜ>íj, ",*o>i¹,1,"*joŋsɜ>íj, ",*ŋs>j³,1,"*joŋsɜ>íj, ",*ɜ>∅²,18,"*ć¨nɜ>csün, *ećɜ>es, *ipɜ>íz, *joŋsɜ>íj, *kattɜ>hat, *kintɜ>köd, *kojmɜ>hím, *kuńćɜ>húgy, *kuttɜ>hát, *mȣrɜ>mar, *perɜ>bőr, *puwɜ >fúj, *pȣnɜ>fing, *suδ'ɜ>ujj, *śerɜ>szër, *šurɜ>irt, *tuktɜ>tat, *waδ'kɜ>völgy, ",-,0,0,-,0,0,-,0,0,22," *jänte>ideg, *joŋsɜ>íj,  *joŋsɜ>íj,  *joŋsɜ>íj,  *ć¨nɜ>csün, *ećɜ>es, *ipɜ>íz, *joŋsɜ>íj, *kattɜ>hat, *kintɜ>köd, *kojmɜ>hím, *kuńćɜ>húgy, *kuttɜ>hát, *mȣrɜ>mar, *perɜ>bőr, *puwɜ >fúj, *pȣnɜ>fing, *suδ'ɜ>ujj, *śerɜ>szër, *šurɜ>irt, *tuktɜ>tat, *waδ'kɜ>völgy,  0 0 0",2,2,4,5.5
hős,høʃ∅,*k>h¹,24,"*kaća>hős, *kaδ'a>hagy, *kala>hal, *kalɜ>háló, *kama>háml, *kattɜ>hat, *kojmɜ>hím, *kojra>here, *kola>hal, *końćɜ>hosszú, *ku>ho, *kuδɜ>holnap, *kulke>halad, *kulɜ>holló, *kuma>homlok, *kumpa>hab, *kumɜ>hó, *kuńa>huny, *kuńće>húgy, *kuńćɜ>húgy, *kuŋe>hó, *kura>harmat, *kurɜ>harántos, *kuttɜ>hát, ",*a>ø³,2,"*kaća>hős, *waδ'kɜ>völgy, ",*t͡ʃʲ>ʃ³,3,"*ećɜ>es, *ićä>ős, *kaća>hős, ",*a>∅²,18,"*ala>al, *kaća>hős, *kaδ'a>hagy, *kala>hal, *kama>háml, *kola>hal, *kumpa>hab, *kuńa>huny, *maksa>máj, *mura>mar, *ńoma>nyúl, *pala>fal, *pukta>fut, *puna>fon, *pura>fúr, *soja>ujj, *tulka>toll, *utka>út, ",-,0,0,-,0,0,-,0,0,47," *kaća>hős, *kaδ'a>hagy, *kala>hal, *kalɜ>háló, *kama>háml, *kattɜ>hat, *kojmɜ>hím, *kojra>here, *kola>hal, *końćɜ>hosszú, *ku>ho, *kuδɜ>holnap, *kulke>halad, *kulɜ>holló, *kuma>homlok, *kumpa>hab, *kumɜ>hó, *kuńa>huny, *kuńće>húgy, *kuńćɜ>húgy, *kuŋe>hó, *kura>harmat, *kurɜ>harántos, *kuttɜ>hát,  *kaća>hős, *waδ'kɜ>völgy,  *ećɜ>es, *ićä>ős, *kaća>hős,  *ala>al, *kaća>hős, *kaδ'a>hagy, *kala>hal, *kama>háml, *kola>hal, *kumpa>hab, *kuńa>huny, *maksa>máj, *mura>mar, *ńoma>nyúl, *pala>fal, *pukta>fut, *puna>fon, *pura>fúr, *soja>ujj, *tulka>toll, *utka>út,  0 0 0",2,2,4,11.75
hagy,hɒɟ∅,*k>h¹,24,"*kaća>hős, *kaδ'a>hagy, *kala>hal, *kalɜ>háló, *kama>háml, *kattɜ>hat, *kojmɜ>hím, *kojra>here, *kola>hal, *końćɜ>hosszú, *ku>ho, *kuδɜ>holnap, *kulke>halad, *kulɜ>holló, *kuma>homlok, *kumpa>hab, *kumɜ>hó, *kuńa>huny, *kuńće>húgy, *kuńćɜ>húgy, *kuŋe>hó, *kura>harmat, *kurɜ>harántos, *kuttɜ>hát, ",*a>ɒ³,12,"*kaδ'a>hagy, *kala>hal, *kattɜ>hat, *kura>harmat, *lappɜ>lapos, *pajɜ>fagyal, *pala>fal, *parɜ>farag, *śalɜ >szalag, *tappa>tapod, *warɜ>varjú, *waśke>vas, ",*ðʲ>ɟ³,1,"*kaδ'a>hagy, ",*a>∅²,18,"*ala>al, *kaća>hős, *kaδ'a>hagy, *kala>hal, *kama>háml, *kola>hal, *kumpa>hab, *kuńa>huny, *maksa>máj, *mura>mar, *ńoma>nyúl, *pala>fal, *pukta>fut, *puna>fon, *pura>fúr, *soja>ujj, *tulka>toll, *utka>út, ",-,0,0,-,0,0,-,0,0,55," *kaća>hős, *kaδ'a>hagy, *kala>hal, *kalɜ>háló, *kama>háml, *kattɜ>hat, *kojmɜ>hím, *kojra>here, *kola>hal, *końćɜ>hosszú, *ku>ho, *kuδɜ>holnap, *kulke>halad, *kulɜ>holló, *kuma>homlok, *kumpa>hab, *kumɜ>hó, *kuńa>huny, *kuńće>húgy, *kuńćɜ>húgy, *kuŋe>hó, *kura>harmat, *kurɜ>harántos, *kuttɜ>hát,  *kaδ'a>hagy, *kala>hal, *kattɜ>hat, *kura>harmat, *lappɜ>lapos, *pajɜ>fagyal, *pala>fal, *parɜ>farag, *śalɜ >szalag, *tappa>tapod, *warɜ>varjú, *waśke>vas,  *kaδ'a>hagy,  *ala>al, *kaća>hős, *kaδ'a>hagy, *kala>hal, *kama>háml, *kola>hal, *kumpa>hab, *kuńa>huny, *maksa>máj, *mura>mar, *ńoma>nyúl, *pala>fal, *pukta>fut, *puna>fon, *pura>fúr, *soja>ujj, *tulka>toll, *utka>út,  0 0 0",2,2,4,13.75
hal,hɒl∅,*k>h¹,24,"*kaća>hős, *kaδ'a>hagy, *kala>hal, *kalɜ>háló, *kama>háml, *kattɜ>hat, *kojmɜ>hím, *kojra>here, *kola>hal, *końćɜ>hosszú, *ku>ho, *kuδɜ>holnap, *kulke>halad, *kulɜ>holló, *kuma>homlok, *kumpa>hab, *kumɜ>hó, *kuńa>huny, *kuńće>húgy, *kuńćɜ>húgy, *kuŋe>hó, *kura>harmat, *kurɜ>harántos, *kuttɜ>hát, ",*a>ɒ³,12,"*kaδ'a>hagy, *kala>hal, *kattɜ>hat, *kura>harmat, *lappɜ>lapos, *pajɜ>fagyal, *pala>fal, *parɜ>farag, *śalɜ >szalag, *tappa>tapod, *warɜ>varjú, *waśke>vas, ",*l>l³,12,"*ala>al, *elä>él, *kala>hal, *kalɜ>háló, *kola>hal, *ńele>nyel, *ńɤle>nyíl, *ńole>nyal, *pala>fal, *pälä>fél, *pele>fél, *śalɜ >szalag, ",*a>∅²,18,"*ala>al, *kaća>hős, *kaδ'a>hagy, *kala>hal, *kama>háml, *kola>hal, *kumpa>hab, *kuńa>huny, *maksa>máj, *mura>mar, *ńoma>nyúl, *pala>fal, *pukta>fut, *puna>fon, *pura>fúr, *soja>ujj, *tulka>toll, *utka>út, ",-,0,0,-,0,0,-,0,0,66," *kaća>hős, *kaδ'a>hagy, *kala>hal, *kalɜ>háló, *kama>háml, *kattɜ>hat, *kojmɜ>hím, *kojra>here, *kola>hal, *końćɜ>hosszú, *ku>ho, *kuδɜ>holnap, *kulke>halad, *kulɜ>holló, *kuma>homlok, *kumpa>hab, *kumɜ>hó, *kuńa>huny, *kuńće>húgy, *kuńćɜ>húgy, *kuŋe>hó, *kura>harmat, *kurɜ>harántos, *kuttɜ>hát,  *kaδ'a>hagy, *kala>hal, *kattɜ>hat, *kura>harmat, *lappɜ>lapos, *pajɜ>fagyal, *pala>fal, *parɜ>farag, *śalɜ >szalag, *tappa>tapod, *warɜ>varjú, *waśke>vas,  *ala>al, *elä>él, *kala>hal, *kalɜ>háló, *kola>hal, *ńele>nyel, *ńɤle>nyíl, *ńole>nyal, *pala>fal, *pälä>fél, *pele>fél, *śalɜ >szalag,  *ala>al, *kaća>hős, *kaδ'a>hagy, *kala>hal, *kama>háml, *kola>hal, *kumpa>hab, *kuńa>huny, *maksa>máj, *mura>mar, *ńoma>nyúl, *pala>fal, *pukta>fut, *puna>fon, *pura>fúr, *soja>ujj, *tulka>toll, *utka>út,  0 0 0",2,2,4,16.5
háló,halo,*k>h¹,24,"*kaća>hős, *kaδ'a>hagy, *kala>hal, *kalɜ>háló, *kama>háml, *kattɜ>hat, *kojmɜ>hím, *kojra>here, *kola>hal, *końćɜ>hosszú, *ku>ho, *kuδɜ>holnap, *kulke>halad, *kulɜ>holló, *kuma>homlok, *kumpa>hab, *kumɜ>hó, *kuńa>huny, *kuńće>húgy, *kuńćɜ>húgy, *kuŋe>hó, *kura>harmat, *kurɜ>harántos, *kuttɜ>hát, ",*a>a³,3,"*kalɜ>háló, *kama>háml, *maksa>máj, ",*l>l³,12,"*ala>al, *elä>él, *kala>hal, *kalɜ>háló, *kola>hal, *ńele>nyel, *ńɤle>nyíl, *ńole>nyal, *pala>fal, *pälä>fél, *pele>fél, *śalɜ >szalag, ",*ɜ>o²,2,"*kalɜ>háló, *kulɜ>holló, ",-,0,0,-,0,0,-,0,0,41," *kaća>hős, *kaδ'a>hagy, *kala>hal, *kalɜ>háló, *kama>háml, *kattɜ>hat, *kojmɜ>hím, *kojra>here, *kola>hal, *końćɜ>hosszú, *ku>ho, *kuδɜ>holnap, *kulke>halad, *kulɜ>holló, *kuma>homlok, *kumpa>hab, *kumɜ>hó, *kuńa>huny, *kuńće>húgy, *kuńćɜ>húgy, *kuŋe>hó, *kura>harmat, *kurɜ>harántos, *kuttɜ>hát,  *kalɜ>háló, *kama>háml, *maksa>máj,  *ala>al, *elä>él, *kala>hal, *kalɜ>háló, *kola>hal, *ńele>nyel, *ńɤle>nyíl, *ńole>nyal, *pala>fal, *pälä>fél, *pele>fél, *śalɜ >szalag,  *kalɜ>háló, *kulɜ>holló,  0 0 0",2,2,4,10.25
háml,haml∅,*k>h¹,24,"*kaća>hős, *kaδ'a>hagy, *kala>hal, *kalɜ>háló, *kama>háml, *kattɜ>hat, *kojmɜ>hím, *kojra>here, *kola>hal, *końćɜ>hosszú, *ku>ho, *kuδɜ>holnap, *kulke>halad, *kulɜ>holló, *kuma>homlok, *kumpa>hab, *kumɜ>hó, *kuńa>huny, *kuńće>húgy, *kuńćɜ>húgy, *kuŋe>hó, *kura>harmat, *kurɜ>harántos, *kuttɜ>hát, ",*a>a³,3,"*kalɜ>háló, *kama>háml, *maksa>máj, ",*m>ml³,3,"*ime>emlő, *kama>háml, *kuma>homlok, ",*a>∅²,18,"*ala>al, *kaća>hős, *kaδ'a>hagy, *kala>hal, *kama>háml, *kola>hal, *kumpa>hab, *kuńa>huny, *maksa>máj, *mura>mar, *ńoma>nyúl, *pala>fal, *pukta>fut, *puna>fon, *pura>fúr, *soja>ujj, *tulka>toll, *utka>út, ",-,0,0,-,0,0,-,0,0,48," *kaća>hős, *kaδ'a>hagy, *kala>hal, *kalɜ>háló, *kama>háml, *kattɜ>hat, *kojmɜ>hím, *kojra>here, *kola>hal, *końćɜ>hosszú, *ku>ho, *kuδɜ>holnap, *kulke>halad, *kulɜ>holló, *kuma>homlok, *kumpa>hab, *kumɜ>hó, *kuńa>huny, *kuńće>húgy, *kuńćɜ>húgy, *kuŋe>hó, *kura>harmat, *kurɜ>harántos, *kuttɜ>hát,  *kalɜ>háló, *kama>háml, *maksa>máj,  *ime>emlő, *kama>háml, *kuma>homlok,  *ala>al, *kaća>hős, *kaδ'a>hagy, *kala>hal, *kama>háml, *kola>hal, *kumpa>hab, *kuńa>huny, *maksa>máj, *mura>mar, *ńoma>nyúl, *pala>fal, *pukta>fut, *puna>fon, *pura>fúr, *soja>ujj, *tulka>toll, *utka>út,  0 0 0",2,2,4,12.0
hat,hɒt∅,*k>h¹,24,"*kaća>hős, *kaδ'a>hagy, *kala>hal, *kalɜ>háló, *kama>háml, *kattɜ>hat, *kojmɜ>hím, *kojra>here, *kola>hal, *końćɜ>hosszú, *ku>ho, *kuδɜ>holnap, *kulke>halad, *kulɜ>holló, *kuma>homlok, *kumpa>hab, *kumɜ>hó, *kuńa>huny, *kuńće>húgy, *kuńćɜ>húgy, *kuŋe>hó, *kura>harmat, *kurɜ>harántos, *kuttɜ>hát, ",*a>ɒ³,12,"*kaδ'a>hagy, *kala>hal, *kattɜ>hat, *kura>harmat, *lappɜ>lapos, *pajɜ>fagyal, *pala>fal, *parɜ>farag, *śalɜ >szalag, *tappa>tapod, *warɜ>varjú, *waśke>vas, ",*tt>t³,2,"*kattɜ>hat, *kuttɜ>hát, ",*ɜ>∅²,18,"*ć¨nɜ>csün, *ećɜ>es, *ipɜ>íz, *joŋsɜ>íj, *kattɜ>hat, *kintɜ>köd, *kojmɜ>hím, *kuńćɜ>húgy, *kuttɜ>hát, *mȣrɜ>mar, *perɜ>bőr, *puwɜ >fúj, *pȣnɜ>fing, *suδ'ɜ>ujj, *śerɜ>szër, *šurɜ>irt, *tuktɜ>tat, *waδ'kɜ>völgy, ",-,0,0,-,0,0,-,0,0,56," *kaća>hős, *kaδ'a>hagy, *kala>hal, *kalɜ>háló, *kama>háml, *kattɜ>hat, *kojmɜ>hím, *kojra>here, *kola>hal, *końćɜ>hosszú, *ku>ho, *kuδɜ>holnap, *kulke>halad, *kulɜ>holló, *kuma>homlok, *kumpa>hab, *kumɜ>hó, *kuńa>huny, *kuńće>húgy, *kuńćɜ>húgy, *kuŋe>hó, *kura>harmat, *kurɜ>harántos, *kuttɜ>hát,  *kaδ'a>hagy, *kala>hal, *kattɜ>hat, *kura>harmat, *lappɜ>lapos, *pajɜ>fagyal, *pala>fal, *parɜ>farag, *śalɜ >szalag, *tappa>tapod, *warɜ>varjú, *waśke>vas,  *kattɜ>hat, *kuttɜ>hát,  *ć¨nɜ>csün, *ećɜ>es, *ipɜ>íz, *joŋsɜ>íj, *kattɜ>hat, *kintɜ>köd, *kojmɜ>hím, *kuńćɜ>húgy, *kuttɜ>hát, *mȣrɜ>mar, *perɜ>bőr, *puwɜ >fúj, *pȣnɜ>fing, *suδ'ɜ>ujj, *śerɜ>szër, *šurɜ>irt, *tuktɜ>tat, *waδ'kɜ>völgy,  0 0 0",2,2,4,14.0
kígyó,kiɟo,*k>k¹,3,"*kije>kígyó, *kintɜ>köd, *kińe>könny, ",*i>i³,2,"*kije>kígyó, *śiδä >szív, ",*j>ɟ³,2,"*kije>kígyó, *pajɜ>fagyal, ",*e>o²,1,"*kije>kígyó, ",-,0,0,-,0,0,-,0,0,8," *kije>kígyó, *kintɜ>köd, *kińe>könny,  *kije>kígyó, *śiδä >szív,  *kije>kígyó, *pajɜ>fagyal,  *kije>kígyó,  0 0 0",2,2,4,2.0
köd,kød∅,*k>k¹,3,"*kije>kígyó, *kintɜ>köd, *kińe>könny, ",*i>ø³,3,"*kintɜ>köd, *kińe>könny, *niŋä>nő, ",*nt>d³,2,"*jänte>ideg, *kintɜ>köd, ",*ɜ>∅²,18,"*ć¨nɜ>csün, *ećɜ>es, *ipɜ>íz, *joŋsɜ>íj, *kattɜ>hat, *kintɜ>köd, *kojmɜ>hím, *kuńćɜ>húgy, *kuttɜ>hát, *mȣrɜ>mar, *perɜ>bőr, *puwɜ >fúj, *pȣnɜ>fing, *suδ'ɜ>ujj, *śerɜ>szër, *šurɜ>irt, *tuktɜ>tat, *waδ'kɜ>völgy, ",-,0,0,-,0,0,-,0,0,26," *kije>kígyó, *kintɜ>köd, *kińe>könny,  *kintɜ>köd, *kińe>könny, *niŋä>nő,  *jänte>ideg, *kintɜ>köd,  *ć¨nɜ>csün, *ećɜ>es, *ipɜ>íz, *joŋsɜ>íj, *kattɜ>hat, *kintɜ>köd, *kojmɜ>hím, *kuńćɜ>húgy, *kuttɜ>hát, *mȣrɜ>mar, *perɜ>bőr, *puwɜ >fúj, *pȣnɜ>fing, *suδ'ɜ>ujj, *śerɜ>szër, *šurɜ>irt, *tuktɜ>tat, *waδ'kɜ>völgy,  0 0 0",2,2,4,6.5
könny,kønɲ∅,*k>k¹,3,"*kije>kígyó, *kintɜ>köd, *kińe>könny, ",*i>ø³,3,"*kintɜ>köd, *kińe>könny, *niŋä>nő, ",*nʲ>nɲ³,1,"*kińe>könny, ",*e>∅²,21,"*aŋe>aj, *kińe>könny, *kuńće>húgy, *mene>mën, *muśke>mos, *niδe>nyél, *nime>név, *ńele>nyel, *ńɤle>nyíl, *ńole>nyal, *päŋe>fej, *pele>fél, *säje>év, *säle >ell, *sɤne >ín, *śuwe>száj, *totke>tat, *tumte>tud, *uje>úsz, *waśke>vas, *wete>víz, ",-,0,0,-,0,0,-,0,0,28," *kije>kígyó, *kintɜ>köd, *kińe>könny,  *kintɜ>köd, *kińe>könny, *niŋä>nő,  *kińe>könny,  *aŋe>aj, *kińe>könny, *kuńće>húgy, *mene>mën, *muśke>mos, *niδe>nyél, *nime>név, *ńele>nyel, *ńɤle>nyíl, *ńole>nyal, *päŋe>fej, *pele>fél, *säje>év, *säle >ell, *sɤne >ín, *śuwe>száj, *totke>tat, *tumte>tud, *uje>úsz, *waśke>vas, *wete>víz,  0 0 0",2,2,4,7.0
hím,him∅,*k>h¹,24,"*kaća>hős, *kaδ'a>hagy, *kala>hal, *kalɜ>háló, *kama>háml, *kattɜ>hat, *kojmɜ>hím, *kojra>here, *kola>hal, *końćɜ>hosszú, *ku>ho, *kuδɜ>holnap, *kulke>halad, *kulɜ>holló, *kuma>homlok, *kumpa>hab, *kumɜ>hó, *kuńa>huny, *kuńće>húgy, *kuńćɜ>húgy, *kuŋe>hó, *kura>harmat, *kurɜ>harántos, *kuttɜ>hát, ",*o>i³,2,"*kojmɜ>hím, *ńorɜ>nyirok, ",*jm>m³,1,"*kojmɜ>hím, ",*ɜ>∅²,18,"*ć¨nɜ>csün, *ećɜ>es, *ipɜ>íz, *joŋsɜ>íj, *kattɜ>hat, *kintɜ>köd, *kojmɜ>hím, *kuńćɜ>húgy, *kuttɜ>hát, *mȣrɜ>mar, *perɜ>bőr, *puwɜ >fúj, *pȣnɜ>fing, *suδ'ɜ>ujj, *śerɜ>szër, *šurɜ>irt, *tuktɜ>tat, *waδ'kɜ>völgy, ",-,0,0,-,0,0,-,0,0,45," *kaća>hős, *kaδ'a>hagy, *kala>hal, *kalɜ>háló, *kama>háml, *kattɜ>hat, *kojmɜ>hím, *kojra>here, *kola>hal, *końćɜ>hosszú, *ku>ho, *kuδɜ>holnap, *kulke>halad, *kulɜ>holló, *kuma>homlok, *kumpa>hab, *kumɜ>hó, *kuńa>huny, *kuńće>húgy, *kuńćɜ>húgy, *kuŋe>hó, *kura>harmat, *kurɜ>harántos, *kuttɜ>hát,  *kojmɜ>hím, *ńorɜ>nyirok,  *kojmɜ>hím,  *ć¨nɜ>csün, *ećɜ>es, *ipɜ>íz, *joŋsɜ>íj, *kattɜ>hat, *kintɜ>köd, *kojmɜ>hím, *kuńćɜ>húgy, *kuttɜ>hát, *mȣrɜ>mar, *perɜ>bőr, *puwɜ >fúj, *pȣnɜ>fing, *suδ'ɜ>ujj, *śerɜ>szër, *šurɜ>irt, *tuktɜ>tat, *waδ'kɜ>völgy,  0 0 0",2,2,4,11.25
here,hɛrɛ,*k>h¹,24,"*kaća>hős, *kaδ'a>hagy, *kala>hal, *kalɜ>háló, *kama>háml, *kattɜ>hat, *kojmɜ>hím, *kojra>here, *kola>hal, *końćɜ>hosszú, *ku>ho, *kuδɜ>holnap, *kulke>halad, *kulɜ>holló, *kuma>homlok, *kumpa>hab, *kumɜ>hó, *kuńa>huny, *kuńće>húgy, *kuńćɜ>húgy, *kuŋe>hó, *kura>harmat, *kurɜ>harántos, *kuttɜ>hát, ",*o>ɛ³,1,"*kojra>here, ",*jr>r³,1,"*kojra>here, ",*a>ɛ²,1,"*kojra>here, ",-,0,0,-,0,0,-,0,0,27," *kaća>hős, *kaδ'a>hagy, *kala>hal, *kalɜ>háló, *kama>háml, *kattɜ>hat, *kojmɜ>hím, *kojra>here, *kola>hal, *końćɜ>hosszú, *ku>ho, *kuδɜ>holnap, *kulke>halad, *kulɜ>holló, *kuma>homlok, *kumpa>hab, *kumɜ>hó, *kuńa>huny, *kuńće>húgy, *kuńćɜ>húgy, *kuŋe>hó, *kura>harmat, *kurɜ>harántos, *kuttɜ>hát,  *kojra>here,  *kojra>here,  *kojra>here,  0 0 0",2,2,4,6.75
hal,hɒl∅,*k>h¹,24,"*kaća>hős, *kaδ'a>hagy, *kala>hal, *kalɜ>háló, *kama>háml, *kattɜ>hat, *kojmɜ>hím, *kojra>here, *kola>hal, *końćɜ>hosszú, *ku>ho, *kuδɜ>holnap, *kulke>halad, *kulɜ>holló, *kuma>homlok, *kumpa>hab, *kumɜ>hó, *kuńa>huny, *kuńće>húgy, *kuńćɜ>húgy, *kuŋe>hó, *kura>harmat, *kurɜ>harántos, *kuttɜ>hát, ",*o>ɒ³,3,"*kola>hal, *ńole>nyal, *totke>tat, ",*l>l³,12,"*ala>al, *elä>él, *kala>hal, *kalɜ>háló, *kola>hal, *ńele>nyel, *ńɤle>nyíl, *ńole>nyal, *pala>fal, *pälä>fél, *pele>fél, *śalɜ >szalag, ",*a>∅²,18,"*ala>al, *kaća>hős, *kaδ'a>hagy, *kala>hal, *kama>háml, *kola>hal, *kumpa>hab, *kuńa>huny, *maksa>máj, *mura>mar, *ńoma>nyúl, *pala>fal, *pukta>fut, *puna>fon, *pura>fúr, *soja>ujj, *tulka>toll, *utka>út, ",-,0,0,-,0,0,-,0,0,57," *kaća>hős, *kaδ'a>hagy, *kala>hal, *kalɜ>háló, *kama>háml, *kattɜ>hat, *kojmɜ>hím, *kojra>here, *kola>hal, *końćɜ>hosszú, *ku>ho, *kuδɜ>holnap, *kulke>halad, *kulɜ>holló, *kuma>homlok, *kumpa>hab, *kumɜ>hó, *kuńa>huny, *kuńće>húgy, *kuńćɜ>húgy, *kuŋe>hó, *kura>harmat, *kurɜ>harántos, *kuttɜ>hát,  *kola>hal, *ńole>nyal, *totke>tat,  *ala>al, *elä>él, *kala>hal, *kalɜ>háló, *kola>hal, *ńele>nyel, *ńɤle>nyíl, *ńole>nyal, *pala>fal, *pälä>fél, *pele>fél, *śalɜ >szalag,  *ala>al, *kaća>hős, *kaδ'a>hagy, *kala>hal, *kama>háml, *kola>hal, *kumpa>hab, *kuńa>huny, *maksa>máj, *mura>mar, *ńoma>nyúl, *pala>fal, *pukta>fut, *puna>fon, *pura>fúr, *soja>ujj, *tulka>toll, *utka>út,  0 0 0",2,2,4,14.25
hosszú,hoʃsu,*k>h¹,24,"*kaća>hős, *kaδ'a>hagy, *kala>hal, *kalɜ>háló, *kama>háml, *kattɜ>hat, *kojmɜ>hím, *kojra>here, *kola>hal, *końćɜ>hosszú, *ku>ho, *kuδɜ>holnap, *kulke>halad, *kulɜ>holló, *kuma>homlok, *kumpa>hab, *kumɜ>hó, *kuńa>huny, *kuńće>húgy, *kuńćɜ>húgy, *kuŋe>hó, *kura>harmat, *kurɜ>harántos, *kuttɜ>hát, ",*o>o³,5,"*ćorɜ>csorog, *joke>jó, *końćɜ>hosszú, *to>tova, *towɜ>tó, ",*nʲt͡ʃʲ>ʃs³,1,"*końćɜ>hosszú, ",*ɜ>u²,2,"*końćɜ>hosszú, *warɜ>varjú, ",-,0,0,-,0,0,-,0,0,32," *kaća>hős, *kaδ'a>hagy, *kala>hal, *kalɜ>háló, *kama>háml, *kattɜ>hat, *kojmɜ>hím, *kojra>here, *kola>hal, *końćɜ>hosszú, *ku>ho, *kuδɜ>holnap, *kulke>halad, *kulɜ>holló, *kuma>homlok, *kumpa>hab, *kumɜ>hó, *kuńa>huny, *kuńće>húgy, *kuńćɜ>húgy, *kuŋe>hó, *kura>harmat, *kurɜ>harántos, *kuttɜ>hát,  *ćorɜ>csorog, *joke>jó, *końćɜ>hosszú, *to>tova, *towɜ>tó,  *końćɜ>hosszú,  *końćɜ>hosszú, *warɜ>varjú,  0 0 0",2,2,4,8.0
ho,ho,*k>h¹,24,"*kaća>hős, *kaδ'a>hagy, *kala>hal, *kalɜ>háló, *kama>háml, *kattɜ>hat, *kojmɜ>hím, *kojra>here, *kola>hal, *końćɜ>hosszú, *ku>ho, *kuδɜ>holnap, *kulke>halad, *kulɜ>holló, *kuma>homlok, *kumpa>hab, *kumɜ>hó, *kuńa>huny, *kuńće>húgy, *kuńćɜ>húgy, *kuŋe>hó, *kura>harmat, *kurɜ>harántos, *kuttɜ>hát, ",*u>o²,1,"*ku>ho, ",-,0,0,-,0,0,-,0,0,-,0,0,-,0,0,25," *kaća>hős, *kaδ'a>hagy, *kala>hal, *kalɜ>háló, *kama>háml, *kattɜ>hat, *kojmɜ>hím, *kojra>here, *kola>hal, *końćɜ>hosszú, *ku>ho, *kuδɜ>holnap, *kulke>halad, *kulɜ>holló, *kuma>homlok, *kumpa>hab, *kumɜ>hó, *kuńa>huny, *kuńće>húgy, *kuńćɜ>húgy, *kuŋe>hó, *kura>harmat, *kurɜ>harántos, *kuttɜ>hát,  *ku>ho,  0 0 0 0 0",1,1,2,12.5
holnap,holnɒp∅,*k>h¹,24,"*kaća>hős, *kaδ'a>hagy, *kala>hal, *kalɜ>háló, *kama>háml, *kattɜ>hat, *kojmɜ>hím, *kojra>here, *kola>hal, *końćɜ>hosszú, *ku>ho, *kuδɜ>holnap, *kulke>halad, *kulɜ>holló, *kuma>homlok, *kumpa>hab, *kumɜ>hó, *kuńa>huny, *kuńće>húgy, *kuńćɜ>húgy, *kuŋe>hó, *kura>harmat, *kurɜ>harántos, *kuttɜ>hát, ",*u>o³,9,"*kuδɜ>holnap, *kulɜ>holló, *kuma>homlok, *kumɜ>hó, *kuŋe>hó, *muna>mogyoró, *muśke>mos, *puna>fon, *tulka>toll, ",*ð>ln³,1,"*kuδɜ>holnap, ",*ɜ>ɒ³,4,"*kuδɜ>holnap, *pajɜ>fagyal, *parɜ>farag, *śalɜ >szalag, ",*0>p³,1,"*kuδɜ>holnap, ",-,0,0,-,0,0,39," *kaća>hős, *kaδ'a>hagy, *kala>hal, *kalɜ>háló, *kama>háml, *kattɜ>hat, *kojmɜ>hím, *kojra>here, *kola>hal, *końćɜ>hosszú, *ku>ho, *kuδɜ>holnap, *kulke>halad, *kulɜ>holló, *kuma>homlok, *kumpa>hab, *kumɜ>hó, *kuńa>huny, *kuńće>húgy, *kuńćɜ>húgy, *kuŋe>hó, *kura>harmat, *kurɜ>harántos, *kuttɜ>hát,  *kuδɜ>holnap, *kulɜ>holló, *kuma>homlok, *kumɜ>hó, *kuŋe>hó, *muna>mogyoró, *muśke>mos, *puna>fon, *tulka>toll,  *kuδɜ>holnap,  *kuδɜ>holnap, *pajɜ>fagyal, *parɜ>farag, *śalɜ >szalag,  *kuδɜ>holnap,  0 0",3,2,5,7.8
halad,hɒlɒd∅,*k>h¹,24,"*kaća>hős, *kaδ'a>hagy, *kala>hal, *kalɜ>háló, *kama>háml, *kattɜ>hat, *kojmɜ>hím, *kojra>here, *kola>hal, *końćɜ>hosszú, *ku>ho, *kuδɜ>holnap, *kulke>halad, *kulɜ>holló, *kuma>homlok, *kumpa>hab, *kumɜ>hó, *kuńa>huny, *kuńće>húgy, *kuńćɜ>húgy, *kuŋe>hó, *kura>harmat, *kurɜ>harántos, *kuttɜ>hát, ",*u>ɒ³,7,"*kulke>halad, *kumpa>hab, *kura>harmat, *kurɜ>harántos, *mura>mar, *puwɜ>fa, *tuktɜ>tat, ",*lk>l³,1,"*kulke>halad, ",*e>ɒ³,2,"*kulke>halad, *soŋe>avat, ",*0>d³,2,"*kulke>halad, *tappa>tapod, ",-,0,0,-,0,0,36," *kaća>hős, *kaδ'a>hagy, *kala>hal, *kalɜ>háló, *kama>háml, *kattɜ>hat, *kojmɜ>hím, *kojra>here, *kola>hal, *końćɜ>hosszú, *ku>ho, *kuδɜ>holnap, *kulke>halad, *kulɜ>holló, *kuma>homlok, *kumpa>hab, *kumɜ>hó, *kuńa>huny, *kuńće>húgy, *kuńćɜ>húgy, *kuŋe>hó, *kura>harmat, *kurɜ>harántos, *kuttɜ>hát,  *kulke>halad, *kumpa>hab, *kura>harmat, *kurɜ>harántos, *mura>mar, *puwɜ>fa, *tuktɜ>tat,  *kulke>halad,  *kulke>halad, *soŋe>avat,  *kulke>halad, *tappa>tapod,  0 0",3,2,5,7.2
holló,hollo,*k>h¹,24,"*kaća>hős, *kaδ'a>hagy, *kala>hal, *kalɜ>háló, *kama>háml, *kattɜ>hat, *kojmɜ>hím, *kojra>here, *kola>hal, *końćɜ>hosszú, *ku>ho, *kuδɜ>holnap, *kulke>halad, *kulɜ>holló, *kuma>homlok, *kumpa>hab, *kumɜ>hó, *kuńa>huny, *kuńće>húgy, *kuńćɜ>húgy, *kuŋe>hó, *kura>harmat, *kurɜ>harántos, *kuttɜ>hát, ",*u>o³,9,"*kuδɜ>holnap, *kulɜ>holló, *kuma>homlok, *kumɜ>hó, *kuŋe>hó, *muna>mogyoró, *muśke>mos, *puna>fon, *tulka>toll, ",*l>ll³,2,"*kulɜ>holló, *säle >ell, ",*ɜ>o²,2,"*kalɜ>háló, *kulɜ>holló, ",-,0,0,-,0,0,-,0,0,37," *kaća>hős, *kaδ'a>hagy, *kala>hal, *kalɜ>háló, *kama>háml, *kattɜ>hat, *kojmɜ>hím, *kojra>here, *kola>hal, *końćɜ>hosszú, *ku>ho, *kuδɜ>holnap, *kulke>halad, *kulɜ>holló, *kuma>homlok, *kumpa>hab, *kumɜ>hó, *kuńa>huny, *kuńće>húgy, *kuńćɜ>húgy, *kuŋe>hó, *kura>harmat, *kurɜ>harántos, *kuttɜ>hát,  *kuδɜ>holnap, *kulɜ>holló, *kuma>homlok, *kumɜ>hó, *kuŋe>hó, *muna>mogyoró, *muśke>mos, *puna>fon, *tulka>toll,  *kulɜ>holló, *säle >ell,  *kalɜ>háló, *kulɜ>holló,  0 0 0",2,2,4,9.25
homlok,homlok∅,*k>h¹,24,"*kaća>hős, *kaδ'a>hagy, *kala>hal, *kalɜ>háló, *kama>háml, *kattɜ>hat, *kojmɜ>hím, *kojra>here, *kola>hal, *końćɜ>hosszú, *ku>ho, *kuδɜ>holnap, *kulke>halad, *kulɜ>holló, *kuma>homlok, *kumpa>hab, *kumɜ>hó, *kuńa>huny, *kuńće>húgy, *kuńćɜ>húgy, *kuŋe>hó, *kura>harmat, *kurɜ>harántos, *kuttɜ>hát, ",*u>o³,9,"*kuδɜ>holnap, *kulɜ>holló, *kuma>homlok, *kumɜ>hó, *kuŋe>hó, *muna>mogyoró, *muśke>mos, *puna>fon, *tulka>toll, ",*m>ml³,3,"*ime>emlő, *kama>háml, *kuma>homlok, ",*a>o³,3,"*kuma>homlok, *muna>mogyoró, *tappa>tapod, ",*0>k³,3,"*kuma>homlok, *ńorɜ>nyirok, *pesä>fészëk, ",-,0,0,-,0,0,42," *kaća>hős, *kaδ'a>hagy, *kala>hal, *kalɜ>háló, *kama>háml, *kattɜ>hat, *kojmɜ>hím, *kojra>here, *kola>hal, *końćɜ>hosszú, *ku>ho, *kuδɜ>holnap, *kulke>halad, *kulɜ>holló, *kuma>homlok, *kumpa>hab, *kumɜ>hó, *kuńa>huny, *kuńće>húgy, *kuńćɜ>húgy, *kuŋe>hó, *kura>harmat, *kurɜ>harántos, *kuttɜ>hát,  *kuδɜ>holnap, *kulɜ>holló, *kuma>homlok, *kumɜ>hó, *kuŋe>hó, *muna>mogyoró, *muśke>mos, *puna>fon, *tulka>toll,  *ime>emlő, *kama>háml, *kuma>homlok,  *kuma>homlok, *muna>mogyoró, *tappa>tapod,  *kuma>homlok, *ńorɜ>nyirok, *pesä>fészëk,  0 0",3,2,5,8.4
hab,hɒb∅,*k>h¹,24,"*kaća>hős, *kaδ'a>hagy, *kala>hal, *kalɜ>háló, *kama>háml, *kattɜ>hat, *kojmɜ>hím, *kojra>here, *kola>hal, *końćɜ>hosszú, *ku>ho, *kuδɜ>holnap, *kulke>halad, *kulɜ>holló, *kuma>homlok, *kumpa>hab, *kumɜ>hó, *kuńa>huny, *kuńće>húgy, *kuńćɜ>húgy, *kuŋe>hó, *kura>harmat, *kurɜ>harántos, *kuttɜ>hát, ",*u>ɒ³,7,"*kulke>halad, *kumpa>hab, *kura>harmat, *kurɜ>harántos, *mura>mar, *puwɜ>fa, *tuktɜ>tat, ",*mp>b³,1,"*kumpa>hab, ",*a>∅²,18,"*ala>al, *kaća>hős, *kaδ'a>hagy, *kala>hal, *kama>háml, *kola>hal, *kumpa>hab, *kuńa>huny, *maksa>máj, *mura>mar, *ńoma>nyúl, *pala>fal, *pukta>fut, *puna>fon, *pura>fúr, *soja>ujj, *tulka>toll, *utka>út, ",-,0,0,-,0,0,-,0,0,50," *kaća>hős, *kaδ'a>hagy, *kala>hal, *kalɜ>háló, *kama>háml, *kattɜ>hat, *kojmɜ>hím, *kojra>here, *kola>hal, *końćɜ>hosszú, *ku>ho, *kuδɜ>holnap, *kulke>halad, *kulɜ>holló, *kuma>homlok, *kumpa>hab, *kumɜ>hó, *kuńa>huny, *kuńće>húgy, *kuńćɜ>húgy, *kuŋe>hó, *kura>harmat, *kurɜ>harántos, *kuttɜ>hát,  *kulke>halad, *kumpa>hab, *kura>harmat, *kurɜ>harántos, *mura>mar, *puwɜ>fa, *tuktɜ>tat,  *kumpa>hab,  *ala>al, *kaća>hős, *kaδ'a>hagy, *kala>hal, *kama>háml, *kola>hal, *kumpa>hab, *kuńa>huny, *maksa>máj, *mura>mar, *ńoma>nyúl, *pala>fal, *pukta>fut, *puna>fon, *pura>fúr, *soja>ujj, *tulka>toll, *utka>út,  0 0 0",2,2,4,12.5
hó,ho0∅,*k>h¹,24,"*kaća>hős, *kaδ'a>hagy, *kala>hal, *kalɜ>háló, *kama>háml, *kattɜ>hat, *kojmɜ>hím, *kojra>here, *kola>hal, *końćɜ>hosszú, *ku>ho, *kuδɜ>holnap, *kulke>halad, *kulɜ>holló, *kuma>homlok, *kumpa>hab, *kumɜ>hó, *kuńa>huny, *kuńće>húgy, *kuńćɜ>húgy, *kuŋe>hó, *kura>harmat, *kurɜ>harántos, *kuttɜ>hát, ",*u>o³,9,"*kuδɜ>holnap, *kulɜ>holló, *kuma>homlok, *kumɜ>hó, *kuŋe>hó, *muna>mogyoró, *muśke>mos, *puna>fon, *tulka>toll, ",*m>0³,1,"*kumɜ>hó, ",*ɜ>∅³,5,"*kumɜ>hó, *ńikɜ>nyű, *puwɜ>fa, *pȣjɜ>fú, *towɜ>tó, ",-,0,0,-,0,0,-,0,0,39," *kaća>hős, *kaδ'a>hagy, *kala>hal, *kalɜ>háló, *kama>háml, *kattɜ>hat, *kojmɜ>hím, *kojra>here, *kola>hal, *końćɜ>hosszú, *ku>ho, *kuδɜ>holnap, *kulke>halad, *kulɜ>holló, *kuma>homlok, *kumpa>hab, *kumɜ>hó, *kuńa>huny, *kuńće>húgy, *kuńćɜ>húgy, *kuŋe>hó, *kura>harmat, *kurɜ>harántos, *kuttɜ>hát,  *kuδɜ>holnap, *kulɜ>holló, *kuma>homlok, *kumɜ>hó, *kuŋe>hó, *muna>mogyoró, *muśke>mos, *puna>fon, *tulka>toll,  *kumɜ>hó,  *kumɜ>hó, *ńikɜ>nyű, *puwɜ>fa, *pȣjɜ>fú, *towɜ>tó,  0 0 0",2,2,4,9.75
huny,huɲ∅,*k>h¹,24,"*kaća>hős, *kaδ'a>hagy, *kala>hal, *kalɜ>háló, *kama>háml, *kattɜ>hat, *kojmɜ>hím, *kojra>here, *kola>hal, *końćɜ>hosszú, *ku>ho, *kuδɜ>holnap, *kulke>halad, *kulɜ>holló, *kuma>homlok, *kumpa>hab, *kumɜ>hó, *kuńa>huny, *kuńće>húgy, *kuńćɜ>húgy, *kuŋe>hó, *kura>harmat, *kurɜ>harántos, *kuttɜ>hát, ",*u>u³,7,"*kuńa>huny, *kuńće>húgy, *kuńćɜ>húgy, *pukta>fut, *pura>fúr, *puwɜ >fúj, *tumte>tud, ",*nʲ>ɲ³,2,"*kuńa>huny, *mińä>mëny, ",*a>∅²,18,"*ala>al, *kaća>hős, *kaδ'a>hagy, *kala>hal, *kama>háml, *kola>hal, *kumpa>hab, *kuńa>huny, *maksa>máj, *mura>mar, *ńoma>nyúl, *pala>fal, *pukta>fut, *puna>fon, *pura>fúr, *soja>ujj, *tulka>toll, *utka>út, ",-,0,0,-,0,0,-,0,0,51," *kaća>hős, *kaδ'a>hagy, *kala>hal, *kalɜ>háló, *kama>háml, *kattɜ>hat, *kojmɜ>hím, *kojra>here, *kola>hal, *końćɜ>hosszú, *ku>ho, *kuδɜ>holnap, *kulke>halad, *kulɜ>holló, *kuma>homlok, *kumpa>hab, *kumɜ>hó, *kuńa>huny, *kuńće>húgy, *kuńćɜ>húgy, *kuŋe>hó, *kura>harmat, *kurɜ>harántos, *kuttɜ>hát,  *kuńa>huny, *kuńće>húgy, *kuńćɜ>húgy, *pukta>fut, *pura>fúr, *puwɜ >fúj, *tumte>tud,  *kuńa>huny, *mińä>mëny,  *ala>al, *kaća>hős, *kaδ'a>hagy, *kala>hal, *kama>háml, *kola>hal, *kumpa>hab, *kuńa>huny, *maksa>máj, *mura>mar, *ńoma>nyúl, *pala>fal, *pukta>fut, *puna>fon, *pura>fúr, *soja>ujj, *tulka>toll, *utka>út,  0 0 0",2,2,4,12.75
húgy,huɟ∅,*k>h¹,24,"*kaća>hős, *kaδ'a>hagy, *kala>hal, *kalɜ>háló, *kama>háml, *kattɜ>hat, *kojmɜ>hím, *kojra>here, *kola>hal, *końćɜ>hosszú, *ku>ho, *kuδɜ>holnap, *kulke>halad, *kulɜ>holló, *kuma>homlok, *kumpa>hab, *kumɜ>hó, *kuńa>huny, *kuńće>húgy, *kuńćɜ>húgy, *kuŋe>hó, *kura>harmat, *kurɜ>harántos, *kuttɜ>hát, ",*u>u³,7,"*kuńa>huny, *kuńće>húgy, *kuńćɜ>húgy, *pukta>fut, *pura>fúr, *puwɜ >fúj, *tumte>tud, ",*nʲt͡ʃʲ>ɟ³,2,"*kuńće>húgy, *kuńćɜ>húgy, ",*e>∅²,21,"*aŋe>aj, *kińe>könny, *kuńće>húgy, *mene>mën, *muśke>mos, *niδe>nyél, *nime>név, *ńele>nyel, *ńɤle>nyíl, *ńole>nyal, *päŋe>fej, *pele>fél, *säje>év, *säle >ell, *sɤne >ín, *śuwe>száj, *totke>tat, *tumte>tud, *uje>úsz, *waśke>vas, *wete>víz, ",-,0,0,-,0,0,-,0,0,54," *kaća>hős, *kaδ'a>hagy, *kala>hal, *kalɜ>háló, *kama>háml, *kattɜ>hat, *kojmɜ>hím, *kojra>here, *kola>hal, *końćɜ>hosszú, *ku>ho, *kuδɜ>holnap, *kulke>halad, *kulɜ>holló, *kuma>homlok, *kumpa>hab, *kumɜ>hó, *kuńa>huny, *kuńće>húgy, *kuńćɜ>húgy, *kuŋe>hó, *kura>harmat, *kurɜ>harántos, *kuttɜ>hát,  *kuńa>huny, *kuńće>húgy, *kuńćɜ>húgy, *pukta>fut, *pura>fúr, *puwɜ >fúj, *tumte>tud,  *kuńće>húgy, *kuńćɜ>húgy,  *aŋe>aj, *kińe>könny, *kuńće>húgy, *mene>mën, *muśke>mos, *niδe>nyél, *nime>név, *ńele>nyel, *ńɤle>nyíl, *ńole>nyal, *päŋe>fej, *pele>fél, *säje>év, *säle >ell, *sɤne >ín, *śuwe>száj, *totke>tat, *tumte>tud, *uje>úsz, *waśke>vas, *wete>víz,  0 0 0",2,2,4,13.5
húgy,huɟ∅,*k>h¹,24,"*kaća>hős, *kaδ'a>hagy, *kala>hal, *kalɜ>háló, *kama>háml, *kattɜ>hat, *kojmɜ>hím, *kojra>here, *kola>hal, *końćɜ>hosszú, *ku>ho, *kuδɜ>holnap, *kulke>halad, *kulɜ>holló, *kuma>homlok, *kumpa>hab, *kumɜ>hó, *kuńa>huny, *kuńće>húgy, *kuńćɜ>húgy, *kuŋe>hó, *kura>harmat, *kurɜ>harántos, *kuttɜ>hát, ",*u>u³,7,"*kuńa>huny, *kuńće>húgy, *kuńćɜ>húgy, *pukta>fut, *pura>fúr, *puwɜ >fúj, *tumte>tud, ",*nʲt͡ʃʲ>ɟ³,2,"*kuńće>húgy, *kuńćɜ>húgy, ",*ɜ>∅²,18,"*ć¨nɜ>csün, *ećɜ>es, *ipɜ>íz, *joŋsɜ>íj, *kattɜ>hat, *kintɜ>köd, *kojmɜ>hím, *kuńćɜ>húgy, *kuttɜ>hát, *mȣrɜ>mar, *perɜ>bőr, *puwɜ >fúj, *pȣnɜ>fing, *suδ'ɜ>ujj, *śerɜ>szër, *šurɜ>irt, *tuktɜ>tat, *waδ'kɜ>völgy, ",-,0,0,-,0,0,-,0,0,51," *kaća>hős, *kaδ'a>hagy, *kala>hal, *kalɜ>háló, *kama>háml, *kattɜ>hat, *kojmɜ>hím, *kojra>here, *kola>hal, *końćɜ>hosszú, *ku>ho, *kuδɜ>holnap, *kulke>halad, *kulɜ>holló, *kuma>homlok, *kumpa>hab, *kumɜ>hó, *kuńa>huny, *kuńće>húgy, *kuńćɜ>húgy, *kuŋe>hó, *kura>harmat, *kurɜ>harántos, *kuttɜ>hát,  *kuńa>huny, *kuńće>húgy, *kuńćɜ>húgy, *pukta>fut, *pura>fúr, *puwɜ >fúj, *tumte>tud,  *kuńće>húgy, *kuńćɜ>húgy,  *ć¨nɜ>csün, *ećɜ>es, *ipɜ>íz, *joŋsɜ>íj, *kattɜ>hat, *kintɜ>köd, *kojmɜ>hím, *kuńćɜ>húgy, *kuttɜ>hát, *mȣrɜ>mar, *perɜ>bőr, *puwɜ >fúj, *pȣnɜ>fing, *suδ'ɜ>ujj, *śerɜ>szër, *šurɜ>irt, *tuktɜ>tat, *waδ'kɜ>völgy,  0 0 0",2,2,4,12.75
hó,ho0∅,*k>h¹,24,"*kaća>hős, *kaδ'a>hagy, *kala>hal, *kalɜ>háló, *kama>háml, *kattɜ>hat, *kojmɜ>hím, *kojra>here, *kola>hal, *końćɜ>hosszú, *ku>ho, *kuδɜ>holnap, *kulke>halad, *kulɜ>holló, *kuma>homlok, *kumpa>hab, *kumɜ>hó, *kuńa>huny, *kuńće>húgy, *kuńćɜ>húgy, *kuŋe>hó, *kura>harmat, *kurɜ>harántos, *kuttɜ>hát, ",*u>o³,9,"*kuδɜ>holnap, *kulɜ>holló, *kuma>homlok, *kumɜ>hó, *kuŋe>hó, *muna>mogyoró, *muśke>mos, *puna>fon, *tulka>toll, ",*ŋ>0³,3,"*kuŋe>hó, *niŋä>nő, *wäŋe>vő, ",*e>∅³,4,"*joke>jó, *kuŋe>hó, *peje>fő, *wäŋe>vő, ",-,0,0,-,0,0,-,0,0,40," *kaća>hős, *kaδ'a>hagy, *kala>hal, *kalɜ>háló, *kama>háml, *kattɜ>hat, *kojmɜ>hím, *kojra>here, *kola>hal, *końćɜ>hosszú, *ku>ho, *kuδɜ>holnap, *kulke>halad, *kulɜ>holló, *kuma>homlok, *kumpa>hab, *kumɜ>hó, *kuńa>huny, *kuńće>húgy, *kuńćɜ>húgy, *kuŋe>hó, *kura>harmat, *kurɜ>harántos, *kuttɜ>hát,  *kuδɜ>holnap, *kulɜ>holló, *kuma>homlok, *kumɜ>hó, *kuŋe>hó, *muna>mogyoró, *muśke>mos, *puna>fon, *tulka>toll,  *kuŋe>hó, *niŋä>nő, *wäŋe>vő,  *joke>jó, *kuŋe>hó, *peje>fő, *wäŋe>vő,  0 0 0",2,2,4,10.0
harmat,hɒrmɒt∅,*k>h¹,24,"*kaća>hős, *kaδ'a>hagy, *kala>hal, *kalɜ>háló, *kama>háml, *kattɜ>hat, *kojmɜ>hím, *kojra>here, *kola>hal, *końćɜ>hosszú, *ku>ho, *kuδɜ>holnap, *kulke>halad, *kulɜ>holló, *kuma>homlok, *kumpa>hab, *kumɜ>hó, *kuńa>huny, *kuńće>húgy, *kuńćɜ>húgy, *kuŋe>hó, *kura>harmat, *kurɜ>harántos, *kuttɜ>hát, ",*u>ɒ³,7,"*kulke>halad, *kumpa>hab, *kura>harmat, *kurɜ>harántos, *mura>mar, *puwɜ>fa, *tuktɜ>tat, ",*r>rm³,1,"*kura>harmat, ",*a>ɒ³,12,"*kaδ'a>hagy, *kala>hal, *kattɜ>hat, *kura>harmat, *lappɜ>lapos, *pajɜ>fagyal, *pala>fal, *parɜ>farag, *śalɜ >szalag, *tappa>tapod, *warɜ>varjú, *waśke>vas, ",*0>t³,2,"*kura>harmat, *soŋe>avat, ",-,0,0,-,0,0,46," *kaća>hős, *kaδ'a>hagy, *kala>hal, *kalɜ>háló, *kama>háml, *kattɜ>hat, *kojmɜ>hím, *kojra>here, *kola>hal, *końćɜ>hosszú, *ku>ho, *kuδɜ>holnap, *kulke>halad, *kulɜ>holló, *kuma>homlok, *kumpa>hab, *kumɜ>hó, *kuńa>huny, *kuńće>húgy, *kuńćɜ>húgy, *kuŋe>hó, *kura>harmat, *kurɜ>harántos, *kuttɜ>hát,  *kulke>halad, *kumpa>hab, *kura>harmat, *kurɜ>harántos, *mura>mar, *puwɜ>fa, *tuktɜ>tat,  *kura>harmat,  *kaδ'a>hagy, *kala>hal, *kattɜ>hat, *kura>harmat, *lappɜ>lapos, *pajɜ>fagyal, *pala>fal, *parɜ>farag, *śalɜ >szalag, *tappa>tapod, *warɜ>varjú, *waśke>vas,  *kura>harmat, *soŋe>avat,  0 0",3,2,5,9.2
harántos,hɒrantoʃ∅,*k>h¹,24,"*kaća>hős, *kaδ'a>hagy, *kala>hal, *kalɜ>háló, *kama>háml, *kattɜ>hat, *kojmɜ>hím, *kojra>here, *kola>hal, *końćɜ>hosszú, *ku>ho, *kuδɜ>holnap, *kulke>halad, *kulɜ>holló, *kuma>homlok, *kumpa>hab, *kumɜ>hó, *kuńa>huny, *kuńće>húgy, *kuńćɜ>húgy, *kuŋe>hó, *kura>harmat, *kurɜ>harántos, *kuttɜ>hát, ",*u>ɒ³,7,"*kulke>halad, *kumpa>hab, *kura>harmat, *kurɜ>harántos, *mura>mar, *puwɜ>fa, *tuktɜ>tat, ",*r>r³,10,"*ćorɜ>csorog, *kurɜ>harántos, *mura>mar, *mȣrɜ>mar, *ńorɜ>nyirok, *parɜ>farag, *perɜ>bőr, *pura>fúr, *śarɜ>szürügy, *śerɜ>szër, ",*ɜ>a³,1,"*kurɜ>harántos, ",*0>nt³,1,"*kurɜ>harántos, ",*∅>o³,1,"*kurɜ>harántos, ",*0>ʃ³,2,"*kurɜ>harántos, *lappɜ>lapos, ",46," *kaća>hős, *kaδ'a>hagy, *kala>hal, *kalɜ>háló, *kama>háml, *kattɜ>hat, *kojmɜ>hím, *kojra>here, *kola>hal, *końćɜ>hosszú, *ku>ho, *kuδɜ>holnap, *kulke>halad, *kulɜ>holló, *kuma>homlok, *kumpa>hab, *kumɜ>hó, *kuńa>huny, *kuńće>húgy, *kuńćɜ>húgy, *kuŋe>hó, *kura>harmat, *kurɜ>harántos, *kuttɜ>hát,  *kulke>halad, *kumpa>hab, *kura>harmat, *kurɜ>harántos, *mura>mar, *puwɜ>fa, *tuktɜ>tat,  *ćorɜ>csorog, *kurɜ>harántos, *mura>mar, *mȣrɜ>mar, *ńorɜ>nyirok, *parɜ>farag, *perɜ>bőr, *pura>fúr, *śarɜ>szürügy, *śerɜ>szër,  *kurɜ>harántos,  *kurɜ>harántos,  *kurɜ>harántos,  *kurɜ>harántos, *lappɜ>lapos, ",4,3,7,6.571428571428571
hát,hat∅,*k>h¹,24,"*kaća>hős, *kaδ'a>hagy, *kala>hal, *kalɜ>háló, *kama>háml, *kattɜ>hat, *kojmɜ>hím, *kojra>here, *kola>hal, *końćɜ>hosszú, *ku>ho, *kuδɜ>holnap, *kulke>halad, *kulɜ>holló, *kuma>homlok, *kumpa>hab, *kumɜ>hó, *kuńa>huny, *kuńće>húgy, *kuńćɜ>húgy, *kuŋe>hó, *kura>harmat, *kurɜ>harántos, *kuttɜ>hát, ",*u>a³,2,"*kuttɜ>hát, *śuwe>száj, ",*tt>t³,2,"*kattɜ>hat, *kuttɜ>hát, ",*ɜ>∅²,18,"*ć¨nɜ>csün, *ećɜ>es, *ipɜ>íz, *joŋsɜ>íj, *kattɜ>hat, *kintɜ>köd, *kojmɜ>hím, *kuńćɜ>húgy, *kuttɜ>hát, *mȣrɜ>mar, *perɜ>bőr, *puwɜ >fúj, *pȣnɜ>fing, *suδ'ɜ>ujj, *śerɜ>szër, *šurɜ>irt, *tuktɜ>tat, *waδ'kɜ>völgy, ",-,0,0,-,0,0,-,0,0,46," *kaća>hős, *kaδ'a>hagy, *kala>hal, *kalɜ>háló, *kama>háml, *kattɜ>hat, *kojmɜ>hím, *kojra>here, *kola>hal, *końćɜ>hosszú, *ku>ho, *kuδɜ>holnap, *kulke>halad, *kulɜ>holló, *kuma>homlok, *kumpa>hab, *kumɜ>hó, *kuńa>huny, *kuńće>húgy, *kuńćɜ>húgy, *kuŋe>hó, *kura>harmat, *kurɜ>harántos, *kuttɜ>hát,  *kuttɜ>hát, *śuwe>száj,  *kattɜ>hat, *kuttɜ>hát,  *ć¨nɜ>csün, *ećɜ>es, *ipɜ>íz, *joŋsɜ>íj, *kattɜ>hat, *kintɜ>köd, *kojmɜ>hím, *kuńćɜ>húgy, *kuttɜ>hát, *mȣrɜ>mar, *perɜ>bőr, *puwɜ >fúj, *pȣnɜ>fing, *suδ'ɜ>ujj, *śerɜ>szër, *šurɜ>irt, *tuktɜ>tat, *waδ'kɜ>völgy,  0 0 0",2,2,4,11.5
lapos,lɒpoʃ∅,*l>l¹,2,"*lappɜ>lapos, *l¨ppɜ>lepke, ",*a>ɒ³,12,"*kaδ'a>hagy, *kala>hal, *kattɜ>hat, *kura>harmat, *lappɜ>lapos, *pajɜ>fagyal, *pala>fal, *parɜ>farag, *śalɜ >szalag, *tappa>tapod, *warɜ>varjú, *waśke>vas, ",*pp>p³,2,"*lappɜ>lapos, *tappa>tapod, ",*ɜ>o³,3,"*ćorɜ>csorog, *lappɜ>lapos, *ńorɜ>nyirok, ",*0>ʃ³,2,"*kurɜ>harántos, *lappɜ>lapos, ",-,0,0,-,0,0,21," *lappɜ>lapos, *l¨ppɜ>lepke,  *kaδ'a>hagy, *kala>hal, *kattɜ>hat, *kura>harmat, *lappɜ>lapos, *pajɜ>fagyal, *pala>fal, *parɜ>farag, *śalɜ >szalag, *tappa>tapod, *warɜ>varjú, *waśke>vas,  *lappɜ>lapos, *tappa>tapod,  *ćorɜ>csorog, *lappɜ>lapos, *ńorɜ>nyirok,  *kurɜ>harántos, *lappɜ>lapos,  0 0",3,2,5,4.2
lepke,lɛpkɛ,*l>l¹,2,"*lappɜ>lapos, *l¨ppɜ>lepke, ",*¨>ɛ³,2,"*l¨ppɜ>lepke, *p¨jćɜ>fejsze, ",*pp>pk³,1,"*l¨ppɜ>lepke, ",*ɜ>ɛ²,2,"*l¨ppɜ>lepke, *p¨jćɜ>fejsze, ",-,0,0,-,0,0,-,0,0,7," *lappɜ>lapos, *l¨ppɜ>lepke,  *l¨ppɜ>lepke, *p¨jćɜ>fejsze,  *l¨ppɜ>lepke,  *l¨ppɜ>lepke, *p¨jćɜ>fejsze,  0 0 0",2,2,4,1.75
máj,maj∅,*m>m¹,9,"*maksa>máj, *mene>mën, *mińä>mëny, *muna>mogyoró, *mura>mar, *muśke>mos, *mȣrɜ>mar, *m¨>mi, *mɜ>mi, ",*a>a³,3,"*kalɜ>háló, *kama>háml, *maksa>máj, ",*ks>j³,1,"*maksa>máj, ",*a>∅²,18,"*ala>al, *kaća>hős, *kaδ'a>hagy, *kala>hal, *kama>háml, *kola>hal, *kumpa>hab, *kuńa>huny, *maksa>máj, *mura>mar, *ńoma>nyúl, *pala>fal, *pukta>fut, *puna>fon, *pura>fúr, *soja>ujj, *tulka>toll, *utka>út, ",-,0,0,-,0,0,-,0,0,31," *maksa>máj, *mene>mën, *mińä>mëny, *muna>mogyoró, *mura>mar, *muśke>mos, *mȣrɜ>mar, *m¨>mi, *mɜ>mi,  *kalɜ>háló, *kama>háml, *maksa>máj,  *maksa>máj,  *ala>al, *kaća>hős, *kaδ'a>hagy, *kala>hal, *kama>háml, *kola>hal, *kumpa>hab, *kuńa>huny, *maksa>máj, *mura>mar, *ńoma>nyúl, *pala>fal, *pukta>fut, *puna>fon, *pura>fúr, *soja>ujj, *tulka>toll, *utka>út,  0 0 0",2,2,4,7.75
mën,men∅,*m>m¹,9,"*maksa>máj, *mene>mën, *mińä>mëny, *muna>mogyoró, *mura>mar, *muśke>mos, *mȣrɜ>mar, *m¨>mi, *mɜ>mi, ",*e>e³,5,"*mene>mën, *pele>fél, *pesä>fészëk, *piδe >fëlëtt, *śerɜ>szër, ",*n>n³,4,"*ć¨nɜ>csün, *mene>mën, *puna>fon, *sɤne >ín, ",*e>∅²,21,"*aŋe>aj, *kińe>könny, *kuńće>húgy, *mene>mën, *muśke>mos, *niδe>nyél, *nime>név, *ńele>nyel, *ńɤle>nyíl, *ńole>nyal, *päŋe>fej, *pele>fél, *säje>év, *säle >ell, *sɤne >ín, *śuwe>száj, *totke>tat, *tumte>tud, *uje>úsz, *waśke>vas, *wete>víz, ",-,0,0,-,0,0,-,0,0,39," *maksa>máj, *mene>mën, *mińä>mëny, *muna>mogyoró, *mura>mar, *muśke>mos, *mȣrɜ>mar, *m¨>mi, *mɜ>mi,  *mene>mën, *pele>fél, *pesä>fészëk, *piδe >fëlëtt, *śerɜ>szër,  *ć¨nɜ>csün, *mene>mën, *puna>fon, *sɤne >ín,  *aŋe>aj, *kińe>könny, *kuńće>húgy, *mene>mën, *muśke>mos, *niδe>nyél, *nime>név, *ńele>nyel, *ńɤle>nyíl, *ńole>nyal, *päŋe>fej, *pele>fél, *säje>év, *säle >ell, *sɤne >ín, *śuwe>száj, *totke>tat, *tumte>tud, *uje>úsz, *waśke>vas, *wete>víz,  0 0 0",2,2,4,9.75
mëny,meɲ∅,*m>m¹,9,"*maksa>máj, *mene>mën, *mińä>mëny, *muna>mogyoró, *mura>mar, *muśke>mos, *mȣrɜ>mar, *m¨>mi, *mɜ>mi, ",*i>e³,5,"*mińä>mëny, *niδe>nyél, *nime>név, *piδe >fëlëtt, *śilmä>szëm, ",*nʲ>ɲ³,2,"*kuńa>huny, *mińä>mëny, ",*æ>∅²,8,"*ćiklä>süh, *elä>él, *emä>em, *ićä>ős, *mińä>mëny, *pälä>fél, *śiδä >szív, *śilmä>szëm, ",-,0,0,-,0,0,-,0,0,24," *maksa>máj, *mene>mën, *mińä>mëny, *muna>mogyoró, *mura>mar, *muśke>mos, *mȣrɜ>mar, *m¨>mi, *mɜ>mi,  *mińä>mëny, *niδe>nyél, *nime>név, *piδe >fëlëtt, *śilmä>szëm,  *kuńa>huny, *mińä>mëny,  *ćiklä>süh, *elä>él, *emä>em, *ićä>ős, *mińä>mëny, *pälä>fél, *śiδä >szív, *śilmä>szëm,  0 0 0",2,2,4,6.0
mogyoró,moɟoro,*m>m¹,9,"*maksa>máj, *mene>mën, *mińä>mëny, *muna>mogyoró, *mura>mar, *muśke>mos, *mȣrɜ>mar, *m¨>mi, *mɜ>mi, ",*u>o³,9,"*kuδɜ>holnap, *kulɜ>holló, *kuma>homlok, *kumɜ>hó, *kuŋe>hó, *muna>mogyoró, *muśke>mos, *puna>fon, *tulka>toll, ",*n>ɟ³,1,"*muna>mogyoró, ",*a>o³,3,"*kuma>homlok, *muna>mogyoró, *tappa>tapod, ",*0>r³,1,"*muna>mogyoró, ",*∅>o²,1,"*muna>mogyoró, ",-,0,0,24," *maksa>máj, *mene>mën, *mińä>mëny, *muna>mogyoró, *mura>mar, *muśke>mos, *mȣrɜ>mar, *m¨>mi, *mɜ>mi,  *kuδɜ>holnap, *kulɜ>holló, *kuma>homlok, *kumɜ>hó, *kuŋe>hó, *muna>mogyoró, *muśke>mos, *puna>fon, *tulka>toll,  *muna>mogyoró,  *kuma>homlok, *muna>mogyoró, *tappa>tapod,  *muna>mogyoró,  *muna>mogyoró,  0",3,3,6,4.0
mar,mɒr∅,*m>m¹,9,"*maksa>máj, *mene>mën, *mińä>mëny, *muna>mogyoró, *mura>mar, *muśke>mos, *mȣrɜ>mar, *m¨>mi, *mɜ>mi, ",*u>ɒ³,7,"*kulke>halad, *kumpa>hab, *kura>harmat, *kurɜ>harántos, *mura>mar, *puwɜ>fa, *tuktɜ>tat, ",*r>r³,10,"*ćorɜ>csorog, *kurɜ>harántos, *mura>mar, *mȣrɜ>mar, *ńorɜ>nyirok, *parɜ>farag, *perɜ>bőr, *pura>fúr, *śarɜ>szürügy, *śerɜ>szër, ",*a>∅²,18,"*ala>al, *kaća>hős, *kaδ'a>hagy, *kala>hal, *kama>háml, *kola>hal, *kumpa>hab, *kuńa>huny, *maksa>máj, *mura>mar, *ńoma>nyúl, *pala>fal, *pukta>fut, *puna>fon, *pura>fúr, *soja>ujj, *tulka>toll, *utka>út, ",-,0,0,-,0,0,-,0,0,44," *maksa>máj, *mene>mën, *mińä>mëny, *muna>mogyoró, *mura>mar, *muśke>mos, *mȣrɜ>mar, *m¨>mi, *mɜ>mi,  *kulke>halad, *kumpa>hab, *kura>harmat, *kurɜ>harántos, *mura>mar, *puwɜ>fa, *tuktɜ>tat,  *ćorɜ>csorog, *kurɜ>harántos, *mura>mar, *mȣrɜ>mar, *ńorɜ>nyirok, *parɜ>farag, *perɜ>bőr, *pura>fúr, *śarɜ>szürügy, *śerɜ>szër,  *ala>al, *kaća>hős, *kaδ'a>hagy, *kala>hal, *kama>háml, *kola>hal, *kumpa>hab, *kuńa>huny, *maksa>máj, *mura>mar, *ńoma>nyúl, *pala>fal, *pukta>fut, *puna>fon, *pura>fúr, *soja>ujj, *tulka>toll, *utka>út,  0 0 0",2,2,4,11.0
mos,moʃ∅,*m>m¹,9,"*maksa>máj, *mene>mën, *mińä>mëny, *muna>mogyoró, *mura>mar, *muśke>mos, *mȣrɜ>mar, *m¨>mi, *mɜ>mi, ",*u>o³,9,"*kuδɜ>holnap, *kulɜ>holló, *kuma>homlok, *kumɜ>hó, *kuŋe>hó, *muna>mogyoró, *muśke>mos, *puna>fon, *tulka>toll, ",*ʃʲk>ʃ³,2,"*muśke>mos, *waśke>vas, ",*e>∅²,21,"*aŋe>aj, *kińe>könny, *kuńće>húgy, *mene>mën, *muśke>mos, *niδe>nyél, *nime>név, *ńele>nyel, *ńɤle>nyíl, *ńole>nyal, *päŋe>fej, *pele>fél, *säje>év, *säle >ell, *sɤne >ín, *śuwe>száj, *totke>tat, *tumte>tud, *uje>úsz, *waśke>vas, *wete>víz, ",-,0,0,-,0,0,-,0,0,41," *maksa>máj, *mene>mën, *mińä>mëny, *muna>mogyoró, *mura>mar, *muśke>mos, *mȣrɜ>mar, *m¨>mi, *mɜ>mi,  *kuδɜ>holnap, *kulɜ>holló, *kuma>homlok, *kumɜ>hó, *kuŋe>hó, *muna>mogyoró, *muśke>mos, *puna>fon, *tulka>toll,  *muśke>mos, *waśke>vas,  *aŋe>aj, *kińe>könny, *kuńće>húgy, *mene>mën, *muśke>mos, *niδe>nyél, *nime>név, *ńele>nyel, *ńɤle>nyíl, *ńole>nyal, *päŋe>fej, *pele>fél, *säje>év, *säle >ell, *sɤne >ín, *śuwe>száj, *totke>tat, *tumte>tud, *uje>úsz, *waśke>vas, *wete>víz,  0 0 0",2,2,4,10.25
mar,mɒr∅,*m>m¹,9,"*maksa>máj, *mene>mën, *mińä>mëny, *muna>mogyoró, *mura>mar, *muśke>mos, *mȣrɜ>mar, *m¨>mi, *mɜ>mi, ",*ȣ>ɒ³,1,"*mȣrɜ>mar, ",*r>r³,10,"*ćorɜ>csorog, *kurɜ>harántos, *mura>mar, *mȣrɜ>mar, *ńorɜ>nyirok, *parɜ>farag, *perɜ>bőr, *pura>fúr, *śarɜ>szürügy, *śerɜ>szër, ",*ɜ>∅²,18,"*ć¨nɜ>csün, *ećɜ>es, *ipɜ>íz, *joŋsɜ>íj, *kattɜ>hat, *kintɜ>köd, *kojmɜ>hím, *kuńćɜ>húgy, *kuttɜ>hát, *mȣrɜ>mar, *perɜ>bőr, *puwɜ >fúj, *pȣnɜ>fing, *suδ'ɜ>ujj, *śerɜ>szër, *šurɜ>irt, *tuktɜ>tat, *waδ'kɜ>völgy, ",-,0,0,-,0,0,-,0,0,38," *maksa>máj, *mene>mën, *mińä>mëny, *muna>mogyoró, *mura>mar, *muśke>mos, *mȣrɜ>mar, *m¨>mi, *mɜ>mi,  *mȣrɜ>mar,  *ćorɜ>csorog, *kurɜ>harántos, *mura>mar, *mȣrɜ>mar, *ńorɜ>nyirok, *parɜ>farag, *perɜ>bőr, *pura>fúr, *śarɜ>szürügy, *śerɜ>szër,  *ć¨nɜ>csün, *ećɜ>es, *ipɜ>íz, *joŋsɜ>íj, *kattɜ>hat, *kintɜ>köd, *kojmɜ>hím, *kuńćɜ>húgy, *kuttɜ>hát, *mȣrɜ>mar, *perɜ>bőr, *puwɜ >fúj, *pȣnɜ>fing, *suδ'ɜ>ujj, *śerɜ>szër, *šurɜ>irt, *tuktɜ>tat, *waδ'kɜ>völgy,  0 0 0",2,2,4,9.5
én,0en∅,*m>0¹,1,"*m¨>én, ",*¨>e¹,1,"*m¨>én, ",*0>n³,1,"*m¨>én, ",-,0,0,-,0,0,-,0,0,-,0,0,3," *m¨>én,  *m¨>én,  *m¨>én,  0 0 0 0",2,1,3,1.0
mi,mi,*m>m¹,9,"*maksa>máj, *mene>mën, *mińä>mëny, *muna>mogyoró, *mura>mar, *muśke>mos, *mȣrɜ>mar, *m¨>mi, *mɜ>mi, ",*¨>i²,2,"*m¨>mi, *t¨>ti, ",-,0,0,-,0,0,-,0,0,-,0,0,-,0,0,11," *maksa>máj, *mene>mën, *mińä>mëny, *muna>mogyoró, *mura>mar, *muśke>mos, *mȣrɜ>mar, *m¨>mi, *mɜ>mi,  *m¨>mi, *t¨>ti,  0 0 0 0 0",1,1,2,5.5
mi,mi,*m>m¹,9,"*maksa>máj, *mene>mën, *mińä>mëny, *muna>mogyoró, *mura>mar, *muśke>mos, *mȣrɜ>mar, *m¨>mi, *mɜ>mi, ",*ɜ>i²,1,"*mɜ>mi, ",-,0,0,-,0,0,-,0,0,-,0,0,-,0,0,10," *maksa>máj, *mene>mën, *mińä>mëny, *muna>mogyoró, *mura>mar, *muśke>mos, *mȣrɜ>mar, *m¨>mi, *mɜ>mi,  *mɜ>mi,  0 0 0 0 0",1,1,2,5.0
nyél,ɲel∅,*n>ɲ¹,1,"*niδe>nyél, ",*i>e³,5,"*mińä>mëny, *niδe>nyél, *nime>név, *piδe >fëlëtt, *śilmä>szëm, ",*ð>l³,2,"*niδe>nyél, *piδe >fëlëtt, ",*e>∅²,21,"*aŋe>aj, *kińe>könny, *kuńće>húgy, *mene>mën, *muśke>mos, *niδe>nyél, *nime>név, *ńele>nyel, *ńɤle>nyíl, *ńole>nyal, *päŋe>fej, *pele>fél, *säje>év, *säle >ell, *sɤne >ín, *śuwe>száj, *totke>tat, *tumte>tud, *uje>úsz, *waśke>vas, *wete>víz, ",-,0,0,-,0,0,-,0,0,29," *niδe>nyél,  *mińä>mëny, *niδe>nyél, *nime>név, *piδe >fëlëtt, *śilmä>szëm,  *niδe>nyél, *piδe >fëlëtt,  *aŋe>aj, *kińe>könny, *kuńće>húgy, *mene>mën, *muśke>mos, *niδe>nyél, *nime>név, *ńele>nyel, *ńɤle>nyíl, *ńole>nyal, *päŋe>fej, *pele>fél, *säje>év, *säle >ell, *sɤne >ín, *śuwe>száj, *totke>tat, *tumte>tud, *uje>úsz, *waśke>vas, *wete>víz,  0 0 0",2,2,4,7.25
név,nev∅,*n>n¹,2,"*nime>név, *niŋä>nő, ",*i>e³,5,"*mińä>mëny, *niδe>nyél, *nime>név, *piδe >fëlëtt, *śilmä>szëm, ",*m>v³,1,"*nime>név, ",*e>∅²,21,"*aŋe>aj, *kińe>könny, *kuńće>húgy, *mene>mën, *muśke>mos, *niδe>nyél, *nime>név, *ńele>nyel, *ńɤle>nyíl, *ńole>nyal, *päŋe>fej, *pele>fél, *säje>év, *säle >ell, *sɤne >ín, *śuwe>száj, *totke>tat, *tumte>tud, *uje>úsz, *waśke>vas, *wete>víz, ",-,0,0,-,0,0,-,0,0,29," *nime>név, *niŋä>nő,  *mińä>mëny, *niδe>nyél, *nime>név, *piδe >fëlëtt, *śilmä>szëm,  *nime>név,  *aŋe>aj, *kińe>könny, *kuńće>húgy, *mene>mën, *muśke>mos, *niδe>nyél, *nime>név, *ńele>nyel, *ńɤle>nyíl, *ńole>nyal, *päŋe>fej, *pele>fél, *säje>év, *säle >ell, *sɤne >ín, *śuwe>száj, *totke>tat, *tumte>tud, *uje>úsz, *waśke>vas, *wete>víz,  0 0 0",2,2,4,7.25
nő,nø0∅,*n>n¹,2,"*nime>név, *niŋä>nő, ",*i>ø³,3,"*kintɜ>köd, *kińe>könny, *niŋä>nő, ",*ŋ>0³,3,"*kuŋe>hó, *niŋä>nő, *wäŋe>vő, ",*æ>∅³,1,"*niŋä>nő, ",-,0,0,-,0,0,-,0,0,9," *nime>név, *niŋä>nő,  *kintɜ>köd, *kińe>könny, *niŋä>nő,  *kuŋe>hó, *niŋä>nő, *wäŋe>vő,  *niŋä>nő,  0 0 0",2,2,4,2.25
nyel,ɲɛl∅,*nʲ>ɲ¹,6,"*ńele>nyel, *ńɤle>nyíl, *ńikɜ>nyű, *ńole>nyal, *ńoma>nyúl, *ńorɜ>nyirok, ",*e>ɛ³,2,"*jänte>ideg, *ńele>nyel, ",*l>l³,12,"*ala>al, *elä>él, *kala>hal, *kalɜ>háló, *kola>hal, *ńele>nyel, *ńɤle>nyíl, *ńole>nyal, *pala>fal, *pälä>fél, *pele>fél, *śalɜ >szalag, ",*e>∅²,21,"*aŋe>aj, *kińe>könny, *kuńće>húgy, *mene>mën, *muśke>mos, *niδe>nyél, *nime>név, *ńele>nyel, *ńɤle>nyíl, *ńole>nyal, *päŋe>fej, *pele>fél, *säje>év, *säle >ell, *sɤne >ín, *śuwe>száj, *totke>tat, *tumte>tud, *uje>úsz, *waśke>vas, *wete>víz, ",-,0,0,-,0,0,-,0,0,41," *ńele>nyel, *ńɤle>nyíl, *ńikɜ>nyű, *ńole>nyal, *ńoma>nyúl, *ńorɜ>nyirok,  *jänte>ideg, *ńele>nyel,  *ala>al, *elä>él, *kala>hal, *kalɜ>háló, *kola>hal, *ńele>nyel, *ńɤle>nyíl, *ńole>nyal, *pala>fal, *pälä>fél, *pele>fél, *śalɜ >szalag,  *aŋe>aj, *kińe>könny, *kuńće>húgy, *mene>mën, *muśke>mos, *niδe>nyél, *nime>név, *ńele>nyel, *ńɤle>nyíl, *ńole>nyal, *päŋe>fej, *pele>fél, *säje>év, *säle >ell, *sɤne >ín, *śuwe>száj, *totke>tat, *tumte>tud, *uje>úsz, *waśke>vas, *wete>víz,  0 0 0",2,2,4,10.25
nyíl,ɲil∅,*nʲ>ɲ¹,6,"*ńele>nyel, *ńɤle>nyíl, *ńikɜ>nyű, *ńole>nyal, *ńoma>nyúl, *ńorɜ>nyirok, ",*ɤ>i³,1,"*ńɤle>nyíl, ",*l>l³,12,"*ala>al, *elä>él, *kala>hal, *kalɜ>háló, *kola>hal, *ńele>nyel, *ńɤle>nyíl, *ńole>nyal, *pala>fal, *pälä>fél, *pele>fél, *śalɜ >szalag, ",*e>∅²,21,"*aŋe>aj, *kińe>könny, *kuńće>húgy, *mene>mën, *muśke>mos, *niδe>nyél, *nime>név, *ńele>nyel, *ńɤle>nyíl, *ńole>nyal, *päŋe>fej, *pele>fél, *säje>év, *säle >ell, *sɤne >ín, *śuwe>száj, *totke>tat, *tumte>tud, *uje>úsz, *waśke>vas, *wete>víz, ",-,0,0,-,0,0,-,0,0,40," *ńele>nyel, *ńɤle>nyíl, *ńikɜ>nyű, *ńole>nyal, *ńoma>nyúl, *ńorɜ>nyirok,  *ńɤle>nyíl,  *ala>al, *elä>él, *kala>hal, *kalɜ>háló, *kola>hal, *ńele>nyel, *ńɤle>nyíl, *ńole>nyal, *pala>fal, *pälä>fél, *pele>fél, *śalɜ >szalag,  *aŋe>aj, *kińe>könny, *kuńće>húgy, *mene>mën, *muśke>mos, *niδe>nyél, *nime>név, *ńele>nyel, *ńɤle>nyíl, *ńole>nyal, *päŋe>fej, *pele>fél, *säje>év, *säle >ell, *sɤne >ín, *śuwe>száj, *totke>tat, *tumte>tud, *uje>úsz, *waśke>vas, *wete>víz,  0 0 0",2,2,4,10.0
nyű,ɲy0∅,*nʲ>ɲ¹,6,"*ńele>nyel, *ńɤle>nyíl, *ńikɜ>nyű, *ńole>nyal, *ńoma>nyúl, *ńorɜ>nyirok, ",*i>y³,2,"*ćiklä>süh, *ńikɜ>nyű, ",*k>0³,2,"*joke>jó, *ńikɜ>nyű, ",*ɜ>∅³,5,"*kumɜ>hó, *ńikɜ>nyű, *puwɜ>fa, *pȣjɜ>fú, *towɜ>tó, ",-,0,0,-,0,0,-,0,0,15," *ńele>nyel, *ńɤle>nyíl, *ńikɜ>nyű, *ńole>nyal, *ńoma>nyúl, *ńorɜ>nyirok,  *ćiklä>süh, *ńikɜ>nyű,  *joke>jó, *ńikɜ>nyű,  *kumɜ>hó, *ńikɜ>nyű, *puwɜ>fa, *pȣjɜ>fú, *towɜ>tó,  0 0 0",2,2,4,3.75
nyal,ɲɒl∅,*nʲ>ɲ¹,6,"*ńele>nyel, *ńɤle>nyíl, *ńikɜ>nyű, *ńole>nyal, *ńoma>nyúl, *ńorɜ>nyirok, ",*o>ɒ³,3,"*kola>hal, *ńole>nyal, *totke>tat, ",*l>l³,12,"*ala>al, *elä>él, *kala>hal, *kalɜ>háló, *kola>hal, *ńele>nyel, *ńɤle>nyíl, *ńole>nyal, *pala>fal, *pälä>fél, *pele>fél, *śalɜ >szalag, ",*e>∅²,21,"*aŋe>aj, *kińe>könny, *kuńće>húgy, *mene>mën, *muśke>mos, *niδe>nyél, *nime>név, *ńele>nyel, *ńɤle>nyíl, *ńole>nyal, *päŋe>fej, *pele>fél, *säje>év, *säle >ell, *sɤne >ín, *śuwe>száj, *totke>tat, *tumte>tud, *uje>úsz, *waśke>vas, *wete>víz, ",-,0,0,-,0,0,-,0,0,42," *ńele>nyel, *ńɤle>nyíl, *ńikɜ>nyű, *ńole>nyal, *ńoma>nyúl, *ńorɜ>nyirok,  *kola>hal, *ńole>nyal, *totke>tat,  *ala>al, *elä>él, *kala>hal, *kalɜ>háló, *kola>hal, *ńele>nyel, *ńɤle>nyíl, *ńole>nyal, *pala>fal, *pälä>fél, *pele>fél, *śalɜ >szalag,  *aŋe>aj, *kińe>könny, *kuńće>húgy, *mene>mën, *muśke>mos, *niδe>nyél, *nime>név, *ńele>nyel, *ńɤle>nyíl, *ńole>nyal, *päŋe>fej, *pele>fél, *säje>év, *säle >ell, *sɤne >ín, *śuwe>száj, *totke>tat, *tumte>tud, *uje>úsz, *waśke>vas, *wete>víz,  0 0 0",2,2,4,10.5
nyúl,ɲul∅,*nʲ>ɲ¹,6,"*ńele>nyel, *ńɤle>nyíl, *ńikɜ>nyű, *ńole>nyal, *ńoma>nyúl, *ńorɜ>nyirok, ",*o>u³,1,"*ńoma>nyúl, ",*m>l³,1,"*ńoma>nyúl, ",*a>∅²,18,"*ala>al, *kaća>hős, *kaδ'a>hagy, *kala>hal, *kama>háml, *kola>hal, *kumpa>hab, *kuńa>huny, *maksa>máj, *mura>mar, *ńoma>nyúl, *pala>fal, *pukta>fut, *puna>fon, *pura>fúr, *soja>ujj, *tulka>toll, *utka>út, ",-,0,0,-,0,0,-,0,0,26," *ńele>nyel, *ńɤle>nyíl, *ńikɜ>nyű, *ńole>nyal, *ńoma>nyúl, *ńorɜ>nyirok,  *ńoma>nyúl,  *ńoma>nyúl,  *ala>al, *kaća>hős, *kaδ'a>hagy, *kala>hal, *kama>háml, *kola>hal, *kumpa>hab, *kuńa>huny, *maksa>máj, *mura>mar, *ńoma>nyúl, *pala>fal, *pukta>fut, *puna>fon, *pura>fúr, *soja>ujj, *tulka>toll, *utka>út,  0 0 0",2,2,4,6.5
nyirok,ɲirok∅,*nʲ>ɲ¹,6,"*ńele>nyel, *ńɤle>nyíl, *ńikɜ>nyű, *ńole>nyal, *ńoma>nyúl, *ńorɜ>nyirok, ",*o>i³,2,"*kojmɜ>hím, *ńorɜ>nyirok, ",*r>r³,10,"*ćorɜ>csorog, *kurɜ>harántos, *mura>mar, *mȣrɜ>mar, *ńorɜ>nyirok, *parɜ>farag, *perɜ>bőr, *pura>fúr, *śarɜ>szürügy, *śerɜ>szër, ",*ɜ>o³,3,"*ćorɜ>csorog, *lappɜ>lapos, *ńorɜ>nyirok, ",*0>k³,3,"*kuma>homlok, *ńorɜ>nyirok, *pesä>fészëk, ",-,0,0,-,0,0,24," *ńele>nyel, *ńɤle>nyíl, *ńikɜ>nyű, *ńole>nyal, *ńoma>nyúl, *ńorɜ>nyirok,  *kojmɜ>hím, *ńorɜ>nyirok,  *ćorɜ>csorog, *kurɜ>harántos, *mura>mar, *mȣrɜ>mar, *ńorɜ>nyirok, *parɜ>farag, *perɜ>bőr, *pura>fúr, *śarɜ>szürügy, *śerɜ>szër,  *ćorɜ>csorog, *lappɜ>lapos, *ńorɜ>nyirok,  *kuma>homlok, *ńorɜ>nyirok, *pesä>fészëk,  0 0",3,2,5,4.8
az,0ɒz∅,*0>0¹,12,"*ala>al, *aŋe>aj, *e>ez, *ećɜ>es, *elä>él, *emä>em, *ićä>ős, *ime>emlő, *ipɜ>íz, *o>az, *uje>úsz, *utka>út, ",*o>ɒ¹,2,"*o>az, *soŋe>avat, ",*0>z³,2,"*e>ez, *o>az, ",-,0,0,-,0,0,-,0,0,-,0,0,16," *ala>al, *aŋe>aj, *e>ez, *ećɜ>es, *elä>él, *emä>em, *ićä>ős, *ime>emlő, *ipɜ>íz, *o>az, *uje>úsz, *utka>út,  *o>az, *soŋe>avat,  *e>ez, *o>az,  0 0 0 0",2,1,3,5.333333333333333
fagyal,fɒɟɒl∅,*p>f¹,18,"*pajɜ>fagyal, *pala>fal, *parɜ>farag, *pälä>fél, *päŋe>fej, *peje>fő, *pele>fél, *pesä>fészëk, *piδe >fëlëtt, *piŋe >fogoly, *pukta>fut, *puna>fon, *pura>fúr, *puwɜ>fa, *puwɜ >fúj, *pȣjɜ>fú, *pȣnɜ>fing, *p¨jćɜ>fejsze, ",*a>ɒ³,12,"*kaδ'a>hagy, *kala>hal, *kattɜ>hat, *kura>harmat, *lappɜ>lapos, *pajɜ>fagyal, *pala>fal, *parɜ>farag, *śalɜ >szalag, *tappa>tapod, *warɜ>varjú, *waśke>vas, ",*j>ɟ³,2,"*kije>kígyó, *pajɜ>fagyal, ",*ɜ>ɒ³,4,"*kuδɜ>holnap, *pajɜ>fagyal, *parɜ>farag, *śalɜ >szalag, ",*0>l³,1,"*pajɜ>fagyal, ",-,0,0,-,0,0,37," *pajɜ>fagyal, *pala>fal, *parɜ>farag, *pälä>fél, *päŋe>fej, *peje>fő, *pele>fél, *pesä>fészëk, *piδe >fëlëtt, *piŋe >fogoly, *pukta>fut, *puna>fon, *pura>fúr, *puwɜ>fa, *puwɜ >fúj, *pȣjɜ>fú, *pȣnɜ>fing, *p¨jćɜ>fejsze,  *kaδ'a>hagy, *kala>hal, *kattɜ>hat, *kura>harmat, *lappɜ>lapos, *pajɜ>fagyal, *pala>fal, *parɜ>farag, *śalɜ >szalag, *tappa>tapod, *warɜ>varjú, *waśke>vas,  *kije>kígyó, *pajɜ>fagyal,  *kuδɜ>holnap, *pajɜ>fagyal, *parɜ>farag, *śalɜ >szalag,  *pajɜ>fagyal,  0 0",3,2,5,7.4
fal,fɒl∅,*p>f¹,18,"*pajɜ>fagyal, *pala>fal, *parɜ>farag, *pälä>fél, *päŋe>fej, *peje>fő, *pele>fél, *pesä>fészëk, *piδe >fëlëtt, *piŋe >fogoly, *pukta>fut, *puna>fon, *pura>fúr, *puwɜ>fa, *puwɜ >fúj, *pȣjɜ>fú, *pȣnɜ>fing, *p¨jćɜ>fejsze, ",*a>ɒ³,12,"*kaδ'a>hagy, *kala>hal, *kattɜ>hat, *kura>harmat, *lappɜ>lapos, *pajɜ>fagyal, *pala>fal, *parɜ>farag, *śalɜ >szalag, *tappa>tapod, *warɜ>varjú, *waśke>vas, ",*l>l³,12,"*ala>al, *elä>él, *kala>hal, *kalɜ>háló, *kola>hal, *ńele>nyel, *ńɤle>nyíl, *ńole>nyal, *pala>fal, *pälä>fél, *pele>fél, *śalɜ >szalag, ",*a>∅²,18,"*ala>al, *kaća>hős, *kaδ'a>hagy, *kala>hal, *kama>háml, *kola>hal, *kumpa>hab, *kuńa>huny, *maksa>máj, *mura>mar, *ńoma>nyúl, *pala>fal, *pukta>fut, *puna>fon, *pura>fúr, *soja>ujj, *tulka>toll, *utka>út, ",-,0,0,-,0,0,-,0,0,60," *pajɜ>fagyal, *pala>fal, *parɜ>farag, *pälä>fél, *päŋe>fej, *peje>fő, *pele>fél, *pesä>fészëk, *piδe >fëlëtt, *piŋe >fogoly, *pukta>fut, *puna>fon, *pura>fúr, *puwɜ>fa, *puwɜ >fúj, *pȣjɜ>fú, *pȣnɜ>fing, *p¨jćɜ>fejsze,  *kaδ'a>hagy, *kala>hal, *kattɜ>hat, *kura>harmat, *lappɜ>lapos, *pajɜ>fagyal, *pala>fal, *parɜ>farag, *śalɜ >szalag, *tappa>tapod, *warɜ>varjú, *waśke>vas,  *ala>al, *elä>él, *kala>hal, *kalɜ>háló, *kola>hal, *ńele>nyel, *ńɤle>nyíl, *ńole>nyal, *pala>fal, *pälä>fél, *pele>fél, *śalɜ >szalag,  *ala>al, *kaća>hős, *kaδ'a>hagy, *kala>hal, *kama>háml, *kola>hal, *kumpa>hab, *kuńa>huny, *maksa>máj, *mura>mar, *ńoma>nyúl, *pala>fal, *pukta>fut, *puna>fon, *pura>fúr, *soja>ujj, *tulka>toll, *utka>út,  0 0 0",2,2,4,15.0
farag,fɒrɒɡ∅,*p>f¹,18,"*pajɜ>fagyal, *pala>fal, *parɜ>farag, *pälä>fél, *päŋe>fej, *peje>fő, *pele>fél, *pesä>fészëk, *piδe >fëlëtt, *piŋe >fogoly, *pukta>fut, *puna>fon, *pura>fúr, *puwɜ>fa, *puwɜ >fúj, *pȣjɜ>fú, *pȣnɜ>fing, *p¨jćɜ>fejsze, ",*a>ɒ³,12,"*kaδ'a>hagy, *kala>hal, *kattɜ>hat, *kura>harmat, *lappɜ>lapos, *pajɜ>fagyal, *pala>fal, *parɜ>farag, *śalɜ >szalag, *tappa>tapod, *warɜ>varjú, *waśke>vas, ",*r>r³,10,"*ćorɜ>csorog, *kurɜ>harántos, *mura>mar, *mȣrɜ>mar, *ńorɜ>nyirok, *parɜ>farag, *perɜ>bőr, *pura>fúr, *śarɜ>szürügy, *śerɜ>szër, ",*ɜ>ɒ³,4,"*kuδɜ>holnap, *pajɜ>fagyal, *parɜ>farag, *śalɜ >szalag, ",*0>ɡ³,4,"*ćorɜ>csorog, *jänte>ideg, *parɜ>farag, *śalɜ >szalag, ",-,0,0,-,0,0,48," *pajɜ>fagyal, *pala>fal, *parɜ>farag, *pälä>fél, *päŋe>fej, *peje>fő, *pele>fél, *pesä>fészëk, *piδe >fëlëtt, *piŋe >fogoly, *pukta>fut, *puna>fon, *pura>fúr, *puwɜ>fa, *puwɜ >fúj, *pȣjɜ>fú, *pȣnɜ>fing, *p¨jćɜ>fejsze,  *kaδ'a>hagy, *kala>hal, *kattɜ>hat, *kura>harmat, *lappɜ>lapos, *pajɜ>fagyal, *pala>fal, *parɜ>farag, *śalɜ >szalag, *tappa>tapod, *warɜ>varjú, *waśke>vas,  *ćorɜ>csorog, *kurɜ>harántos, *mura>mar, *mȣrɜ>mar, *ńorɜ>nyirok, *parɜ>farag, *perɜ>bőr, *pura>fúr, *śarɜ>szürügy, *śerɜ>szër,  *kuδɜ>holnap, *pajɜ>fagyal, *parɜ>farag, *śalɜ >szalag,  *ćorɜ>csorog, *jänte>ideg, *parɜ>farag, *śalɜ >szalag,  0 0",3,2,5,9.6
fél,fel∅,*p>f¹,18,"*pajɜ>fagyal, *pala>fal, *parɜ>farag, *pälä>fél, *päŋe>fej, *peje>fő, *pele>fél, *pesä>fészëk, *piδe >fëlëtt, *piŋe >fogoly, *pukta>fut, *puna>fon, *pura>fúr, *puwɜ>fa, *puwɜ >fúj, *pȣjɜ>fú, *pȣnɜ>fing, *p¨jćɜ>fejsze, ",*æ>e³,2,"*pälä>fél, *pesä>fészëk, ",*l>l³,12,"*ala>al, *elä>él, *kala>hal, *kalɜ>háló, *kola>hal, *ńele>nyel, *ńɤle>nyíl, *ńole>nyal, *pala>fal, *pälä>fél, *pele>fél, *śalɜ >szalag, ",*æ>∅²,8,"*ćiklä>süh, *elä>él, *emä>em, *ićä>ős, *mińä>mëny, *pälä>fél, *śiδä >szív, *śilmä>szëm, ",-,0,0,-,0,0,-,0,0,40," *pajɜ>fagyal, *pala>fal, *parɜ>farag, *pälä>fél, *päŋe>fej, *peje>fő, *pele>fél, *pesä>fészëk, *piδe >fëlëtt, *piŋe >fogoly, *pukta>fut, *puna>fon, *pura>fúr, *puwɜ>fa, *puwɜ >fúj, *pȣjɜ>fú, *pȣnɜ>fing, *p¨jćɜ>fejsze,  *pälä>fél, *pesä>fészëk,  *ala>al, *elä>él, *kala>hal, *kalɜ>háló, *kola>hal, *ńele>nyel, *ńɤle>nyíl, *ńole>nyal, *pala>fal, *pälä>fél, *pele>fél, *śalɜ >szalag,  *ćiklä>süh, *elä>él, *emä>em, *ićä>ős, *mińä>mëny, *pälä>fél, *śiδä >szív, *śilmä>szëm,  0 0 0",2,2,4,10.0
fej,fɛj∅,*p>f¹,18,"*pajɜ>fagyal, *pala>fal, *parɜ>farag, *pälä>fél, *päŋe>fej, *peje>fő, *pele>fél, *pesä>fészëk, *piδe >fëlëtt, *piŋe >fogoly, *pukta>fut, *puna>fon, *pura>fúr, *puwɜ>fa, *puwɜ >fúj, *pȣjɜ>fú, *pȣnɜ>fing, *p¨jćɜ>fejsze, ",*æ>ɛ³,1,"*päŋe>fej, ",*ŋ>j³,2,"*aŋe>aj, *päŋe>fej, ",*e>∅²,21,"*aŋe>aj, *kińe>könny, *kuńće>húgy, *mene>mën, *muśke>mos, *niδe>nyél, *nime>név, *ńele>nyel, *ńɤle>nyíl, *ńole>nyal, *päŋe>fej, *pele>fél, *säje>év, *säle >ell, *sɤne >ín, *śuwe>száj, *totke>tat, *tumte>tud, *uje>úsz, *waśke>vas, *wete>víz, ",-,0,0,-,0,0,-,0,0,42," *pajɜ>fagyal, *pala>fal, *parɜ>farag, *pälä>fél, *päŋe>fej, *peje>fő, *pele>fél, *pesä>fészëk, *piδe >fëlëtt, *piŋe >fogoly, *pukta>fut, *puna>fon, *pura>fúr, *puwɜ>fa, *puwɜ >fúj, *pȣjɜ>fú, *pȣnɜ>fing, *p¨jćɜ>fejsze,  *päŋe>fej,  *aŋe>aj, *päŋe>fej,  *aŋe>aj, *kińe>könny, *kuńće>húgy, *mene>mën, *muśke>mos, *niδe>nyél, *nime>név, *ńele>nyel, *ńɤle>nyíl, *ńole>nyal, *päŋe>fej, *pele>fél, *säje>év, *säle >ell, *sɤne >ín, *śuwe>száj, *totke>tat, *tumte>tud, *uje>úsz, *waśke>vas, *wete>víz,  0 0 0",2,2,4,10.5
fő,fø0∅,*p>f¹,18,"*pajɜ>fagyal, *pala>fal, *parɜ>farag, *pälä>fél, *päŋe>fej, *peje>fő, *pele>fél, *pesä>fészëk, *piδe >fëlëtt, *piŋe >fogoly, *pukta>fut, *puna>fon, *pura>fúr, *puwɜ>fa, *puwɜ >fúj, *pȣjɜ>fú, *pȣnɜ>fing, *p¨jćɜ>fejsze, ",*e>ø³,2,"*peje>fő, *perɜ>bőr, ",*j>0³,2,"*peje>fő, *pȣjɜ>fú, ",*e>∅³,4,"*joke>jó, *kuŋe>hó, *peje>fő, *wäŋe>vő, ",-,0,0,-,0,0,-,0,0,26," *pajɜ>fagyal, *pala>fal, *parɜ>farag, *pälä>fél, *päŋe>fej, *peje>fő, *pele>fél, *pesä>fészëk, *piδe >fëlëtt, *piŋe >fogoly, *pukta>fut, *puna>fon, *pura>fúr, *puwɜ>fa, *puwɜ >fúj, *pȣjɜ>fú, *pȣnɜ>fing, *p¨jćɜ>fejsze,  *peje>fő, *perɜ>bőr,  *peje>fő, *pȣjɜ>fú,  *joke>jó, *kuŋe>hó, *peje>fő, *wäŋe>vő,  0 0 0",2,2,4,6.5
fél,fel∅,*p>f¹,18,"*pajɜ>fagyal, *pala>fal, *parɜ>farag, *pälä>fél, *päŋe>fej, *peje>fő, *pele>fél, *pesä>fészëk, *piδe >fëlëtt, *piŋe >fogoly, *pukta>fut, *puna>fon, *pura>fúr, *puwɜ>fa, *puwɜ >fúj, *pȣjɜ>fú, *pȣnɜ>fing, *p¨jćɜ>fejsze, ",*e>e³,5,"*mene>mën, *pele>fél, *pesä>fészëk, *piδe >fëlëtt, *śerɜ>szër, ",*l>l³,12,"*ala>al, *elä>él, *kala>hal, *kalɜ>háló, *kola>hal, *ńele>nyel, *ńɤle>nyíl, *ńole>nyal, *pala>fal, *pälä>fél, *pele>fél, *śalɜ >szalag, ",*e>∅²,21,"*aŋe>aj, *kińe>könny, *kuńće>húgy, *mene>mën, *muśke>mos, *niδe>nyél, *nime>név, *ńele>nyel, *ńɤle>nyíl, *ńole>nyal, *päŋe>fej, *pele>fél, *säje>év, *säle >ell, *sɤne >ín, *śuwe>száj, *totke>tat, *tumte>tud, *uje>úsz, *waśke>vas, *wete>víz, ",-,0,0,-,0,0,-,0,0,56," *pajɜ>fagyal, *pala>fal, *parɜ>farag, *pälä>fél, *päŋe>fej, *peje>fő, *pele>fél, *pesä>fészëk, *piδe >fëlëtt, *piŋe >fogoly, *pukta>fut, *puna>fon, *pura>fúr, *puwɜ>fa, *puwɜ >fúj, *pȣjɜ>fú, *pȣnɜ>fing, *p¨jćɜ>fejsze,  *mene>mën, *pele>fél, *pesä>fészëk, *piδe >fëlëtt, *śerɜ>szër,  *ala>al, *elä>él, *kala>hal, *kalɜ>háló, *kola>hal, *ńele>nyel, *ńɤle>nyíl, *ńole>nyal, *pala>fal, *pälä>fél, *pele>fél, *śalɜ >szalag,  *aŋe>aj, *kińe>könny, *kuńće>húgy, *mene>mën, *muśke>mos, *niδe>nyél, *nime>név, *ńele>nyel, *ńɤle>nyíl, *ńole>nyal, *päŋe>fej, *pele>fél, *säje>év, *säle >ell, *sɤne >ín, *śuwe>száj, *totke>tat, *tumte>tud, *uje>úsz, *waśke>vas, *wete>víz,  0 0 0",2,2,4,14.0
bőr,bør∅,*p>b¹,1,"*perɜ>bőr, ",*e>ø³,2,"*peje>fő, *perɜ>bőr, ",*r>r³,10,"*ćorɜ>csorog, *kurɜ>harántos, *mura>mar, *mȣrɜ>mar, *ńorɜ>nyirok, *parɜ>farag, *perɜ>bőr, *pura>fúr, *śarɜ>szürügy, *śerɜ>szër, ",*ɜ>∅²,18,"*ć¨nɜ>csün, *ećɜ>es, *ipɜ>íz, *joŋsɜ>íj, *kattɜ>hat, *kintɜ>köd, *kojmɜ>hím, *kuńćɜ>húgy, *kuttɜ>hát, *mȣrɜ>mar, *perɜ>bőr, *puwɜ >fúj, *pȣnɜ>fing, *suδ'ɜ>ujj, *śerɜ>szër, *šurɜ>irt, *tuktɜ>tat, *waδ'kɜ>völgy, ",-,0,0,-,0,0,-,0,0,31," *perɜ>bőr,  *peje>fő, *perɜ>bőr,  *ćorɜ>csorog, *kurɜ>harántos, *mura>mar, *mȣrɜ>mar, *ńorɜ>nyirok, *parɜ>farag, *perɜ>bőr, *pura>fúr, *śarɜ>szürügy, *śerɜ>szër,  *ć¨nɜ>csün, *ećɜ>es, *ipɜ>íz, *joŋsɜ>íj, *kattɜ>hat, *kintɜ>köd, *kojmɜ>hím, *kuńćɜ>húgy, *kuttɜ>hát, *mȣrɜ>mar, *perɜ>bőr, *puwɜ >fúj, *pȣnɜ>fing, *suδ'ɜ>ujj, *śerɜ>szër, *šurɜ>irt, *tuktɜ>tat, *waδ'kɜ>völgy,  0 0 0",2,2,4,7.75
fészëk,fesek∅,*p>f¹,18,"*pajɜ>fagyal, *pala>fal, *parɜ>farag, *pälä>fél, *päŋe>fej, *peje>fő, *pele>fél, *pesä>fészëk, *piδe >fëlëtt, *piŋe >fogoly, *pukta>fut, *puna>fon, *pura>fúr, *puwɜ>fa, *puwɜ >fúj, *pȣjɜ>fú, *pȣnɜ>fing, *p¨jćɜ>fejsze, ",*e>e³,5,"*mene>mën, *pele>fél, *pesä>fészëk, *piδe >fëlëtt, *śerɜ>szër, ",*s>s³,1,"*pesä>fészëk, ",*æ>e³,2,"*pälä>fél, *pesä>fészëk, ",*0>k³,3,"*kuma>homlok, *ńorɜ>nyirok, *pesä>fészëk, ",-,0,0,-,0,0,29," *pajɜ>fagyal, *pala>fal, *parɜ>farag, *pälä>fél, *päŋe>fej, *peje>fő, *pele>fél, *pesä>fészëk, *piδe >fëlëtt, *piŋe >fogoly, *pukta>fut, *puna>fon, *pura>fúr, *puwɜ>fa, *puwɜ >fúj, *pȣjɜ>fú, *pȣnɜ>fing, *p¨jćɜ>fejsze,  *mene>mën, *pele>fél, *pesä>fészëk, *piδe >fëlëtt, *śerɜ>szër,  *pesä>fészëk,  *pälä>fél, *pesä>fészëk,  *kuma>homlok, *ńorɜ>nyirok, *pesä>fészëk,  0 0",3,2,5,5.8
fëlëtt,felett∅,*p>f¹,18,"*pajɜ>fagyal, *pala>fal, *parɜ>farag, *pälä>fél, *päŋe>fej, *peje>fő, *pele>fél, *pesä>fészëk, *piδe >fëlëtt, *piŋe >fogoly, *pukta>fut, *puna>fon, *pura>fúr, *puwɜ>fa, *puwɜ >fúj, *pȣjɜ>fú, *pȣnɜ>fing, *p¨jćɜ>fejsze, ",*i>e³,5,"*mińä>mëny, *niδe>nyél, *nime>név, *piδe >fëlëtt, *śilmä>szëm, ",*ð>l³,2,"*niδe>nyél, *piδe >fëlëtt, ",*e>e³,5,"*mene>mën, *pele>fél, *pesä>fészëk, *piδe >fëlëtt, *śerɜ>szër, ",*0>tt³,1,"*piδe >fëlëtt, ",-,0,0,-,0,0,31," *pajɜ>fagyal, *pala>fal, *parɜ>farag, *pälä>fél, *päŋe>fej, *peje>fő, *pele>fél, *pesä>fészëk, *piδe >fëlëtt, *piŋe >fogoly, *pukta>fut, *puna>fon, *pura>fúr, *puwɜ>fa, *puwɜ >fúj, *pȣjɜ>fú, *pȣnɜ>fing, *p¨jćɜ>fejsze,  *mińä>mëny, *niδe>nyél, *nime>név, *piδe >fëlëtt, *śilmä>szëm,  *niδe>nyél, *piδe >fëlëtt,  *mene>mën, *pele>fél, *pesä>fészëk, *piδe >fëlëtt, *śerɜ>szër,  *piδe >fëlëtt,  0 0",3,2,5,6.2
fogoly,foɡoj∅,*p>f¹,18,"*pajɜ>fagyal, *pala>fal, *parɜ>farag, *pälä>fél, *päŋe>fej, *peje>fő, *pele>fél, *pesä>fészëk, *piδe >fëlëtt, *piŋe >fogoly, *pukta>fut, *puna>fon, *pura>fúr, *puwɜ>fa, *puwɜ >fúj, *pȣjɜ>fú, *pȣnɜ>fing, *p¨jćɜ>fejsze, ",*i>o³,1,"*piŋe >fogoly, ",*ŋ>ɡ³,1,"*piŋe >fogoly, ",*e>o³,1,"*piŋe >fogoly, ",*0>j³,1,"*piŋe >fogoly, ",-,0,0,-,0,0,22," *pajɜ>fagyal, *pala>fal, *parɜ>farag, *pälä>fél, *päŋe>fej, *peje>fő, *pele>fél, *pesä>fészëk, *piδe >fëlëtt, *piŋe >fogoly, *pukta>fut, *puna>fon, *pura>fúr, *puwɜ>fa, *puwɜ >fúj, *pȣjɜ>fú, *pȣnɜ>fing, *p¨jćɜ>fejsze,  *piŋe >fogoly,  *piŋe >fogoly,  *piŋe >fogoly,  *piŋe >fogoly,  0 0",3,2,5,4.4
fut,fut∅,*p>f¹,18,"*pajɜ>fagyal, *pala>fal, *parɜ>farag, *pälä>fél, *päŋe>fej, *peje>fő, *pele>fél, *pesä>fészëk, *piδe >fëlëtt, *piŋe >fogoly, *pukta>fut, *puna>fon, *pura>fúr, *puwɜ>fa, *puwɜ >fúj, *pȣjɜ>fú, *pȣnɜ>fing, *p¨jćɜ>fejsze, ",*u>u³,7,"*kuńa>huny, *kuńće>húgy, *kuńćɜ>húgy, *pukta>fut, *pura>fúr, *puwɜ >fúj, *tumte>tud, ",*kt>t³,2,"*pukta>fut, *tuktɜ>tat, ",*a>∅²,18,"*ala>al, *kaća>hős, *kaδ'a>hagy, *kala>hal, *kama>háml, *kola>hal, *kumpa>hab, *kuńa>huny, *maksa>máj, *mura>mar, *ńoma>nyúl, *pala>fal, *pukta>fut, *puna>fon, *pura>fúr, *soja>ujj, *tulka>toll, *utka>út, ",-,0,0,-,0,0,-,0,0,45," *pajɜ>fagyal, *pala>fal, *parɜ>farag, *pälä>fél, *päŋe>fej, *peje>fő, *pele>fél, *pesä>fészëk, *piδe >fëlëtt, *piŋe >fogoly, *pukta>fut, *puna>fon, *pura>fúr, *puwɜ>fa, *puwɜ >fúj, *pȣjɜ>fú, *pȣnɜ>fing, *p¨jćɜ>fejsze,  *kuńa>huny, *kuńće>húgy, *kuńćɜ>húgy, *pukta>fut, *pura>fúr, *puwɜ >fúj, *tumte>tud,  *pukta>fut, *tuktɜ>tat,  *ala>al, *kaća>hős, *kaδ'a>hagy, *kala>hal, *kama>háml, *kola>hal, *kumpa>hab, *kuńa>huny, *maksa>máj, *mura>mar, *ńoma>nyúl, *pala>fal, *pukta>fut, *puna>fon, *pura>fúr, *soja>ujj, *tulka>toll, *utka>út,  0 0 0",2,2,4,11.25
fon,fon∅,*p>f¹,18,"*pajɜ>fagyal, *pala>fal, *parɜ>farag, *pälä>fél, *päŋe>fej, *peje>fő, *pele>fél, *pesä>fészëk, *piδe >fëlëtt, *piŋe >fogoly, *pukta>fut, *puna>fon, *pura>fúr, *puwɜ>fa, *puwɜ >fúj, *pȣjɜ>fú, *pȣnɜ>fing, *p¨jćɜ>fejsze, ",*u>o³,9,"*kuδɜ>holnap, *kulɜ>holló, *kuma>homlok, *kumɜ>hó, *kuŋe>hó, *muna>mogyoró, *muśke>mos, *puna>fon, *tulka>toll, ",*n>n³,4,"*ć¨nɜ>csün, *mene>mën, *puna>fon, *sɤne >ín, ",*a>∅²,18,"*ala>al, *kaća>hős, *kaδ'a>hagy, *kala>hal, *kama>háml, *kola>hal, *kumpa>hab, *kuńa>huny, *maksa>máj, *mura>mar, *ńoma>nyúl, *pala>fal, *pukta>fut, *puna>fon, *pura>fúr, *soja>ujj, *tulka>toll, *utka>út, ",-,0,0,-,0,0,-,0,0,49," *pajɜ>fagyal, *pala>fal, *parɜ>farag, *pälä>fél, *päŋe>fej, *peje>fő, *pele>fél, *pesä>fészëk, *piδe >fëlëtt, *piŋe >fogoly, *pukta>fut, *puna>fon, *pura>fúr, *puwɜ>fa, *puwɜ >fúj, *pȣjɜ>fú, *pȣnɜ>fing, *p¨jćɜ>fejsze,  *kuδɜ>holnap, *kulɜ>holló, *kuma>homlok, *kumɜ>hó, *kuŋe>hó, *muna>mogyoró, *muśke>mos, *puna>fon, *tulka>toll,  *ć¨nɜ>csün, *mene>mën, *puna>fon, *sɤne >ín,  *ala>al, *kaća>hős, *kaδ'a>hagy, *kala>hal, *kama>háml, *kola>hal, *kumpa>hab, *kuńa>huny, *maksa>máj, *mura>mar, *ńoma>nyúl, *pala>fal, *pukta>fut, *puna>fon, *pura>fúr, *soja>ujj, *tulka>toll, *utka>út,  0 0 0",2,2,4,12.25
fúr,fur∅,*p>f¹,18,"*pajɜ>fagyal, *pala>fal, *parɜ>farag, *pälä>fél, *päŋe>fej, *peje>fő, *pele>fél, *pesä>fészëk, *piδe >fëlëtt, *piŋe >fogoly, *pukta>fut, *puna>fon, *pura>fúr, *puwɜ>fa, *puwɜ >fúj, *pȣjɜ>fú, *pȣnɜ>fing, *p¨jćɜ>fejsze, ",*u>u³,7,"*kuńa>huny, *kuńće>húgy, *kuńćɜ>húgy, *pukta>fut, *pura>fúr, *puwɜ >fúj, *tumte>tud, ",*r>r³,10,"*ćorɜ>csorog, *kurɜ>harántos, *mura>mar, *mȣrɜ>mar, *ńorɜ>nyirok, *parɜ>farag, *perɜ>bőr, *pura>fúr, *śarɜ>szürügy, *śerɜ>szër, ",*a>∅²,18,"*ala>al, *kaća>hős, *kaδ'a>hagy, *kala>hal, *kama>háml, *kola>hal, *kumpa>hab, *kuńa>huny, *maksa>máj, *mura>mar, *ńoma>nyúl, *pala>fal, *pukta>fut, *puna>fon, *pura>fúr, *soja>ujj, *tulka>toll, *utka>út, ",-,0,0,-,0,0,-,0,0,53," *pajɜ>fagyal, *pala>fal, *parɜ>farag, *pälä>fél, *päŋe>fej, *peje>fő, *pele>fél, *pesä>fészëk, *piδe >fëlëtt, *piŋe >fogoly, *pukta>fut, *puna>fon, *pura>fúr, *puwɜ>fa, *puwɜ >fúj, *pȣjɜ>fú, *pȣnɜ>fing, *p¨jćɜ>fejsze,  *kuńa>huny, *kuńće>húgy, *kuńćɜ>húgy, *pukta>fut, *pura>fúr, *puwɜ >fúj, *tumte>tud,  *ćorɜ>csorog, *kurɜ>harántos, *mura>mar, *mȣrɜ>mar, *ńorɜ>nyirok, *parɜ>farag, *perɜ>bőr, *pura>fúr, *śarɜ>szürügy, *śerɜ>szër,  *ala>al, *kaća>hős, *kaδ'a>hagy, *kala>hal, *kama>háml, *kola>hal, *kumpa>hab, *kuńa>huny, *maksa>máj, *mura>mar, *ńoma>nyúl, *pala>fal, *pukta>fut, *puna>fon, *pura>fúr, *soja>ujj, *tulka>toll, *utka>út,  0 0 0",2,2,4,13.25
fa,fɒ0∅,*p>f¹,18,"*pajɜ>fagyal, *pala>fal, *parɜ>farag, *pälä>fél, *päŋe>fej, *peje>fő, *pele>fél, *pesä>fészëk, *piδe >fëlëtt, *piŋe >fogoly, *pukta>fut, *puna>fon, *pura>fúr, *puwɜ>fa, *puwɜ >fúj, *pȣjɜ>fú, *pȣnɜ>fing, *p¨jćɜ>fejsze, ",*u>ɒ³,7,"*kulke>halad, *kumpa>hab, *kura>harmat, *kurɜ>harántos, *mura>mar, *puwɜ>fa, *tuktɜ>tat, ",*β>0³,2,"*puwɜ>fa, *towɜ>tó, ",*ɜ>∅³,5,"*kumɜ>hó, *ńikɜ>nyű, *puwɜ>fa, *pȣjɜ>fú, *towɜ>tó, ",-,0,0,-,0,0,-,0,0,32," *pajɜ>fagyal, *pala>fal, *parɜ>farag, *pälä>fél, *päŋe>fej, *peje>fő, *pele>fél, *pesä>fészëk, *piδe >fëlëtt, *piŋe >fogoly, *pukta>fut, *puna>fon, *pura>fúr, *puwɜ>fa, *puwɜ >fúj, *pȣjɜ>fú, *pȣnɜ>fing, *p¨jćɜ>fejsze,  *kulke>halad, *kumpa>hab, *kura>harmat, *kurɜ>harántos, *mura>mar, *puwɜ>fa, *tuktɜ>tat,  *puwɜ>fa, *towɜ>tó,  *kumɜ>hó, *ńikɜ>nyű, *puwɜ>fa, *pȣjɜ>fú, *towɜ>tó,  0 0 0",2,2,4,8.0
fúj,fuj∅,*p>f¹,18,"*pajɜ>fagyal, *pala>fal, *parɜ>farag, *pälä>fél, *päŋe>fej, *peje>fő, *pele>fél, *pesä>fészëk, *piδe >fëlëtt, *piŋe >fogoly, *pukta>fut, *puna>fon, *pura>fúr, *puwɜ>fa, *puwɜ >fúj, *pȣjɜ>fú, *pȣnɜ>fing, *p¨jćɜ>fejsze, ",*u>u³,7,"*kuńa>huny, *kuńće>húgy, *kuńćɜ>húgy, *pukta>fut, *pura>fúr, *puwɜ >fúj, *tumte>tud, ",*β>j³,2,"*puwɜ >fúj, *śuwe>száj, ",*ɜ>∅²,18,"*ć¨nɜ>csün, *ećɜ>es, *ipɜ>íz, *joŋsɜ>íj, *kattɜ>hat, *kintɜ>köd, *kojmɜ>hím, *kuńćɜ>húgy, *kuttɜ>hát, *mȣrɜ>mar, *perɜ>bőr, *puwɜ >fúj, *pȣnɜ>fing, *suδ'ɜ>ujj, *śerɜ>szër, *šurɜ>irt, *tuktɜ>tat, *waδ'kɜ>völgy, ",-,0,0,-,0,0,-,0,0,45," *pajɜ>fagyal, *pala>fal, *parɜ>farag, *pälä>fél, *päŋe>fej, *peje>fő, *pele>fél, *pesä>fészëk, *piδe >fëlëtt, *piŋe >fogoly, *pukta>fut, *puna>fon, *pura>fúr, *puwɜ>fa, *puwɜ >fúj, *pȣjɜ>fú, *pȣnɜ>fing, *p¨jćɜ>fejsze,  *kuńa>huny, *kuńće>húgy, *kuńćɜ>húgy, *pukta>fut, *pura>fúr, *puwɜ >fúj, *tumte>tud,  *puwɜ >fúj, *śuwe>száj,  *ć¨nɜ>csün, *ećɜ>es, *ipɜ>íz, *joŋsɜ>íj, *kattɜ>hat, *kintɜ>köd, *kojmɜ>hím, *kuńćɜ>húgy, *kuttɜ>hát, *mȣrɜ>mar, *perɜ>bőr, *puwɜ >fúj, *pȣnɜ>fing, *suδ'ɜ>ujj, *śerɜ>szër, *šurɜ>irt, *tuktɜ>tat, *waδ'kɜ>völgy,  0 0 0",2,2,4,11.25
fú,fu0∅,*p>f¹,18,"*pajɜ>fagyal, *pala>fal, *parɜ>farag, *pälä>fél, *päŋe>fej, *peje>fő, *pele>fél, *pesä>fészëk, *piδe >fëlëtt, *piŋe >fogoly, *pukta>fut, *puna>fon, *pura>fúr, *puwɜ>fa, *puwɜ >fúj, *pȣjɜ>fú, *pȣnɜ>fing, *p¨jćɜ>fejsze, ",*ȣ>u³,1,"*pȣjɜ>fú, ",*j>0³,2,"*peje>fő, *pȣjɜ>fú, ",*ɜ>∅³,5,"*kumɜ>hó, *ńikɜ>nyű, *puwɜ>fa, *pȣjɜ>fú, *towɜ>tó, ",-,0,0,-,0,0,-,0,0,26," *pajɜ>fagyal, *pala>fal, *parɜ>farag, *pälä>fél, *päŋe>fej, *peje>fő, *pele>fél, *pesä>fészëk, *piδe >fëlëtt, *piŋe >fogoly, *pukta>fut, *puna>fon, *pura>fúr, *puwɜ>fa, *puwɜ >fúj, *pȣjɜ>fú, *pȣnɜ>fing, *p¨jćɜ>fejsze,  *pȣjɜ>fú,  *peje>fő, *pȣjɜ>fú,  *kumɜ>hó, *ńikɜ>nyű, *puwɜ>fa, *pȣjɜ>fú, *towɜ>tó,  0 0 0",2,2,4,6.5
fing,finɡ∅,*p>f¹,18,"*pajɜ>fagyal, *pala>fal, *parɜ>farag, *pälä>fél, *päŋe>fej, *peje>fő, *pele>fél, *pesä>fészëk, *piδe >fëlëtt, *piŋe >fogoly, *pukta>fut, *puna>fon, *pura>fúr, *puwɜ>fa, *puwɜ >fúj, *pȣjɜ>fú, *pȣnɜ>fing, *p¨jćɜ>fejsze, ",*ȣ>i³,1,"*pȣnɜ>fing, ",*n>nɡ³,1,"*pȣnɜ>fing, ",*ɜ>∅²,18,"*ć¨nɜ>csün, *ećɜ>es, *ipɜ>íz, *joŋsɜ>íj, *kattɜ>hat, *kintɜ>köd, *kojmɜ>hím, *kuńćɜ>húgy, *kuttɜ>hát, *mȣrɜ>mar, *perɜ>bőr, *puwɜ >fúj, *pȣnɜ>fing, *suδ'ɜ>ujj, *śerɜ>szër, *šurɜ>irt, *tuktɜ>tat, *waδ'kɜ>völgy, ",-,0,0,-,0,0,-,0,0,38," *pajɜ>fagyal, *pala>fal, *parɜ>farag, *pälä>fél, *päŋe>fej, *peje>fő, *pele>fél, *pesä>fészëk, *piδe >fëlëtt, *piŋe >fogoly, *pukta>fut, *puna>fon, *pura>fúr, *puwɜ>fa, *puwɜ >fúj, *pȣjɜ>fú, *pȣnɜ>fing, *p¨jćɜ>fejsze,  *pȣnɜ>fing,  *pȣnɜ>fing,  *ć¨nɜ>csün, *ećɜ>es, *ipɜ>íz, *joŋsɜ>íj, *kattɜ>hat, *kintɜ>köd, *kojmɜ>hím, *kuńćɜ>húgy, *kuttɜ>hát, *mȣrɜ>mar, *perɜ>bőr, *puwɜ >fúj, *pȣnɜ>fing, *suδ'ɜ>ujj, *śerɜ>szër, *šurɜ>irt, *tuktɜ>tat, *waδ'kɜ>völgy,  0 0 0",2,2,4,9.5
fejsze,fɛjsɛ,*p>f¹,18,"*pajɜ>fagyal, *pala>fal, *parɜ>farag, *pälä>fél, *päŋe>fej, *peje>fő, *pele>fél, *pesä>fészëk, *piδe >fëlëtt, *piŋe >fogoly, *pukta>fut, *puna>fon, *pura>fúr, *puwɜ>fa, *puwɜ >fúj, *pȣjɜ>fú, *pȣnɜ>fing, *p¨jćɜ>fejsze, ",*¨>ɛ³,2,"*l¨ppɜ>lepke, *p¨jćɜ>fejsze, ",*jt͡ʃʲ>js³,1,"*p¨jćɜ>fejsze, ",*ɜ>ɛ²,2,"*l¨ppɜ>lepke, *p¨jćɜ>fejsze, ",-,0,0,-,0,0,-,0,0,23," *pajɜ>fagyal, *pala>fal, *parɜ>farag, *pälä>fél, *päŋe>fej, *peje>fő, *pele>fél, *pesä>fészëk, *piδe >fëlëtt, *piŋe >fogoly, *pukta>fut, *puna>fon, *pura>fúr, *puwɜ>fa, *puwɜ >fúj, *pȣjɜ>fú, *pȣnɜ>fing, *p¨jćɜ>fejsze,  *l¨ppɜ>lepke, *p¨jćɜ>fejsze,  *p¨jćɜ>fejsze,  *l¨ppɜ>lepke, *p¨jćɜ>fejsze,  0 0 0",2,2,4,5.75
év,0ev∅,*s>0¹,6,"*säje>év, *säle >ell, *sɤne >ín, *soja>ujj, *soŋe>avat, *suδ'ɜ>ujj, ",*æ>e¹,1,"*säje>év, ",*j>v³,1,"*säje>év, ",*e>∅²,21,"*aŋe>aj, *kińe>könny, *kuńće>húgy, *mene>mën, *muśke>mos, *niδe>nyél, *nime>név, *ńele>nyel, *ńɤle>nyíl, *ńole>nyal, *päŋe>fej, *pele>fél, *säje>év, *säle >ell, *sɤne >ín, *śuwe>száj, *totke>tat, *tumte>tud, *uje>úsz, *waśke>vas, *wete>víz, ",-,0,0,-,0,0,-,0,0,29," *säje>év, *säle >ell, *sɤne >ín, *soja>ujj, *soŋe>avat, *suδ'ɜ>ujj,  *säje>év,  *säje>év,  *aŋe>aj, *kińe>könny, *kuńće>húgy, *mene>mën, *muśke>mos, *niδe>nyél, *nime>név, *ńele>nyel, *ńɤle>nyíl, *ńole>nyal, *päŋe>fej, *pele>fél, *säje>év, *säle >ell, *sɤne >ín, *śuwe>száj, *totke>tat, *tumte>tud, *uje>úsz, *waśke>vas, *wete>víz,  0 0 0",2,2,4,7.25
ell,0ɛll∅,*s>0¹,6,"*säje>év, *säle >ell, *sɤne >ín, *soja>ujj, *soŋe>avat, *suδ'ɜ>ujj, ",*æ>ɛ¹,1,"*säle >ell, ",*l>ll³,2,"*kulɜ>holló, *säle >ell, ",*e>∅²,21,"*aŋe>aj, *kińe>könny, *kuńće>húgy, *mene>mën, *muśke>mos, *niδe>nyél, *nime>név, *ńele>nyel, *ńɤle>nyíl, *ńole>nyal, *päŋe>fej, *pele>fél, *säje>év, *säle >ell, *sɤne >ín, *śuwe>száj, *totke>tat, *tumte>tud, *uje>úsz, *waśke>vas, *wete>víz, ",-,0,0,-,0,0,-,0,0,30," *säje>év, *säle >ell, *sɤne >ín, *soja>ujj, *soŋe>avat, *suδ'ɜ>ujj,  *säle >ell,  *kulɜ>holló, *säle >ell,  *aŋe>aj, *kińe>könny, *kuńće>húgy, *mene>mën, *muśke>mos, *niδe>nyél, *nime>név, *ńele>nyel, *ńɤle>nyíl, *ńole>nyal, *päŋe>fej, *pele>fél, *säje>év, *säle >ell, *sɤne >ín, *śuwe>száj, *totke>tat, *tumte>tud, *uje>úsz, *waśke>vas, *wete>víz,  0 0 0",2,2,4,7.5
ín,0in∅,*s>0¹,6,"*säje>év, *säle >ell, *sɤne >ín, *soja>ujj, *soŋe>avat, *suδ'ɜ>ujj, ",*ɤ>i¹,1,"*sɤne >ín, ",*n>n³,4,"*ć¨nɜ>csün, *mene>mën, *puna>fon, *sɤne >ín, ",*e>∅²,21,"*aŋe>aj, *kińe>könny, *kuńće>húgy, *mene>mën, *muśke>mos, *niδe>nyél, *nime>név, *ńele>nyel, *ńɤle>nyíl, *ńole>nyal, *päŋe>fej, *pele>fél, *säje>év, *säle >ell, *sɤne >ín, *śuwe>száj, *totke>tat, *tumte>tud, *uje>úsz, *waśke>vas, *wete>víz, ",-,0,0,-,0,0,-,0,0,32," *säje>év, *säle >ell, *sɤne >ín, *soja>ujj, *soŋe>avat, *suδ'ɜ>ujj,  *sɤne >ín,  *ć¨nɜ>csün, *mene>mën, *puna>fon, *sɤne >ín,  *aŋe>aj, *kińe>könny, *kuńće>húgy, *mene>mën, *muśke>mos, *niδe>nyél, *nime>név, *ńele>nyel, *ńɤle>nyíl, *ńole>nyal, *päŋe>fej, *pele>fél, *säje>év, *säle >ell, *sɤne >ín, *śuwe>száj, *totke>tat, *tumte>tud, *uje>úsz, *waśke>vas, *wete>víz,  0 0 0",2,2,4,8.0
ujj,0ujj∅,*s>0¹,6,"*säje>év, *säle >ell, *sɤne >ín, *soja>ujj, *soŋe>avat, *suδ'ɜ>ujj, ",*o>u¹,1,"*soja>ujj, ",*j>jj³,1,"*soja>ujj, ",*a>∅²,18,"*ala>al, *kaća>hős, *kaδ'a>hagy, *kala>hal, *kama>háml, *kola>hal, *kumpa>hab, *kuńa>huny, *maksa>máj, *mura>mar, *ńoma>nyúl, *pala>fal, *pukta>fut, *puna>fon, *pura>fúr, *soja>ujj, *tulka>toll, *utka>út, ",-,0,0,-,0,0,-,0,0,26," *säje>év, *säle >ell, *sɤne >ín, *soja>ujj, *soŋe>avat, *suδ'ɜ>ujj,  *soja>ujj,  *soja>ujj,  *ala>al, *kaća>hős, *kaδ'a>hagy, *kala>hal, *kama>háml, *kola>hal, *kumpa>hab, *kuńa>huny, *maksa>máj, *mura>mar, *ńoma>nyúl, *pala>fal, *pukta>fut, *puna>fon, *pura>fúr, *soja>ujj, *tulka>toll, *utka>út,  0 0 0",2,2,4,6.5
avat,0ɒvɒt∅,*s>0¹,6,"*säje>év, *säle >ell, *sɤne >ín, *soja>ujj, *soŋe>avat, *suδ'ɜ>ujj, ",*o>ɒ¹,2,"*o>az, *soŋe>avat, ",*ŋ>v³,1,"*soŋe>avat, ",*e>ɒ³,2,"*kulke>halad, *soŋe>avat, ",*0>t³,2,"*kura>harmat, *soŋe>avat, ",-,0,0,-,0,0,13," *säje>év, *säle >ell, *sɤne >ín, *soja>ujj, *soŋe>avat, *suδ'ɜ>ujj,  *o>az, *soŋe>avat,  *soŋe>avat,  *kulke>halad, *soŋe>avat,  *kura>harmat, *soŋe>avat,  0 0",3,2,5,2.6
ujj,0ujj∅,*s>0¹,6,"*säje>év, *säle >ell, *sɤne >ín, *soja>ujj, *soŋe>avat, *suδ'ɜ>ujj, ",*u>u¹,3,"*suδ'ɜ>ujj, *uje>úsz, *utka>út, ",*ðʲ>jj³,1,"*suδ'ɜ>ujj, ",*ɜ>∅²,18,"*ć¨nɜ>csün, *ećɜ>es, *ipɜ>íz, *joŋsɜ>íj, *kattɜ>hat, *kintɜ>köd, *kojmɜ>hím, *kuńćɜ>húgy, *kuttɜ>hát, *mȣrɜ>mar, *perɜ>bőr, *puwɜ >fúj, *pȣnɜ>fing, *suδ'ɜ>ujj, *śerɜ>szër, *šurɜ>irt, *tuktɜ>tat, *waδ'kɜ>völgy, ",-,0,0,-,0,0,-,0,0,28," *säje>év, *säle >ell, *sɤne >ín, *soja>ujj, *soŋe>avat, *suδ'ɜ>ujj,  *suδ'ɜ>ujj, *uje>úsz, *utka>út,  *suδ'ɜ>ujj,  *ć¨nɜ>csün, *ećɜ>es, *ipɜ>íz, *joŋsɜ>íj, *kattɜ>hat, *kintɜ>köd, *kojmɜ>hím, *kuńćɜ>húgy, *kuttɜ>hát, *mȣrɜ>mar, *perɜ>bőr, *puwɜ >fúj, *pȣnɜ>fing, *suδ'ɜ>ujj, *śerɜ>szër, *šurɜ>irt, *tuktɜ>tat, *waδ'kɜ>völgy,  0 0 0",2,2,4,7.0
szalag,sɒlɒɡ∅,*ʃʲ>s¹,6,"*śalɜ >szalag, *śarɜ>szürügy, *śerɜ>szër, *śiδä >szív, *śilmä>szëm, *śuwe>száj, ",*a>ɒ³,12,"*kaδ'a>hagy, *kala>hal, *kattɜ>hat, *kura>harmat, *lappɜ>lapos, *pajɜ>fagyal, *pala>fal, *parɜ>farag, *śalɜ >szalag, *tappa>tapod, *warɜ>varjú, *waśke>vas, ",*l>l³,12,"*ala>al, *elä>él, *kala>hal, *kalɜ>háló, *kola>hal, *ńele>nyel, *ńɤle>nyíl, *ńole>nyal, *pala>fal, *pälä>fél, *pele>fél, *śalɜ >szalag, ",*ɜ>ɒ³,4,"*kuδɜ>holnap, *pajɜ>fagyal, *parɜ>farag, *śalɜ >szalag, ",*0>ɡ³,4,"*ćorɜ>csorog, *jänte>ideg, *parɜ>farag, *śalɜ >szalag, ",-,0,0,-,0,0,38," *śalɜ >szalag, *śarɜ>szürügy, *śerɜ>szër, *śiδä >szív, *śilmä>szëm, *śuwe>száj,  *kaδ'a>hagy, *kala>hal, *kattɜ>hat, *kura>harmat, *lappɜ>lapos, *pajɜ>fagyal, *pala>fal, *parɜ>farag, *śalɜ >szalag, *tappa>tapod, *warɜ>varjú, *waśke>vas,  *ala>al, *elä>él, *kala>hal, *kalɜ>háló, *kola>hal, *ńele>nyel, *ńɤle>nyíl, *ńole>nyal, *pala>fal, *pälä>fél, *pele>fél, *śalɜ >szalag,  *kuδɜ>holnap, *pajɜ>fagyal, *parɜ>farag, *śalɜ >szalag,  *ćorɜ>csorog, *jänte>ideg, *parɜ>farag, *śalɜ >szalag,  0 0",3,2,5,7.6
szürügy,syryɟ∅,*ʃʲ>s¹,6,"*śalɜ >szalag, *śarɜ>szürügy, *śerɜ>szër, *śiδä >szív, *śilmä>szëm, *śuwe>száj, ",*a>y³,1,"*śarɜ>szürügy, ",*r>r³,10,"*ćorɜ>csorog, *kurɜ>harántos, *mura>mar, *mȣrɜ>mar, *ńorɜ>nyirok, *parɜ>farag, *perɜ>bőr, *pura>fúr, *śarɜ>szürügy, *śerɜ>szër, ",*ɜ>y³,1,"*śarɜ>szürügy, ",*0>ɟ³,1,"*śarɜ>szürügy, ",-,0,0,-,0,0,19," *śalɜ >szalag, *śarɜ>szürügy, *śerɜ>szër, *śiδä >szív, *śilmä>szëm, *śuwe>száj,  *śarɜ>szürügy,  *ćorɜ>csorog, *kurɜ>harántos, *mura>mar, *mȣrɜ>mar, *ńorɜ>nyirok, *parɜ>farag, *perɜ>bőr, *pura>fúr, *śarɜ>szürügy, *śerɜ>szër,  *śarɜ>szürügy,  *śarɜ>szürügy,  0 0",3,2,5,3.8
szër,ser∅,*ʃʲ>s¹,6,"*śalɜ >szalag, *śarɜ>szürügy, *śerɜ>szër, *śiδä >szív, *śilmä>szëm, *śuwe>száj, ",*e>e³,5,"*mene>mën, *pele>fél, *pesä>fészëk, *piδe >fëlëtt, *śerɜ>szër, ",*r>r³,10,"*ćorɜ>csorog, *kurɜ>harántos, *mura>mar, *mȣrɜ>mar, *ńorɜ>nyirok, *parɜ>farag, *perɜ>bőr, *pura>fúr, *śarɜ>szürügy, *śerɜ>szër, ",*ɜ>∅²,18,"*ć¨nɜ>csün, *ećɜ>es, *ipɜ>íz, *joŋsɜ>íj, *kattɜ>hat, *kintɜ>köd, *kojmɜ>hím, *kuńćɜ>húgy, *kuttɜ>hát, *mȣrɜ>mar, *perɜ>bőr, *puwɜ >fúj, *pȣnɜ>fing, *suδ'ɜ>ujj, *śerɜ>szër, *šurɜ>irt, *tuktɜ>tat, *waδ'kɜ>völgy, ",-,0,0,-,0,0,-,0,0,39," *śalɜ >szalag, *śarɜ>szürügy, *śerɜ>szër, *śiδä >szív, *śilmä>szëm, *śuwe>száj,  *mene>mën, *pele>fél, *pesä>fészëk, *piδe >fëlëtt, *śerɜ>szër,  *ćorɜ>csorog, *kurɜ>harántos, *mura>mar, *mȣrɜ>mar, *ńorɜ>nyirok, *parɜ>farag, *perɜ>bőr, *pura>fúr, *śarɜ>szürügy, *śerɜ>szër,  *ć¨nɜ>csün, *ećɜ>es, *ipɜ>íz, *joŋsɜ>íj, *kattɜ>hat, *kintɜ>köd, *kojmɜ>hím, *kuńćɜ>húgy, *kuttɜ>hát, *mȣrɜ>mar, *perɜ>bőr, *puwɜ >fúj, *pȣnɜ>fing, *suδ'ɜ>ujj, *śerɜ>szër, *šurɜ>irt, *tuktɜ>tat, *waδ'kɜ>völgy,  0 0 0",2,2,4,9.75
szív,siv∅,*ʃʲ>s¹,6,"*śalɜ >szalag, *śarɜ>szürügy, *śerɜ>szër, *śiδä >szív, *śilmä>szëm, *śuwe>száj, ",*i>i³,2,"*kije>kígyó, *śiδä >szív, ",*ð>v³,1,"*śiδä >szív, ",*æ>∅²,8,"*ćiklä>süh, *elä>él, *emä>em, *ićä>ős, *mińä>mëny, *pälä>fél, *śiδä >szív, *śilmä>szëm, ",-,0,0,-,0,0,-,0,0,17," *śalɜ >szalag, *śarɜ>szürügy, *śerɜ>szër, *śiδä >szív, *śilmä>szëm, *śuwe>száj,  *kije>kígyó, *śiδä >szív,  *śiδä >szív,  *ćiklä>süh, *elä>él, *emä>em, *ićä>ős, *mińä>mëny, *pälä>fél, *śiδä >szív, *śilmä>szëm,  0 0 0",2,2,4,4.25
szëm,sem∅,*ʃʲ>s¹,6,"*śalɜ >szalag, *śarɜ>szürügy, *śerɜ>szër, *śiδä >szív, *śilmä>szëm, *śuwe>száj, ",*i>e³,5,"*mińä>mëny, *niδe>nyél, *nime>név, *piδe >fëlëtt, *śilmä>szëm, ",*lm>m³,1,"*śilmä>szëm, ",*æ>∅²,8,"*ćiklä>süh, *elä>él, *emä>em, *ićä>ős, *mińä>mëny, *pälä>fél, *śiδä >szív, *śilmä>szëm, ",-,0,0,-,0,0,-,0,0,20," *śalɜ >szalag, *śarɜ>szürügy, *śerɜ>szër, *śiδä >szív, *śilmä>szëm, *śuwe>száj,  *mińä>mëny, *niδe>nyél, *nime>név, *piδe >fëlëtt, *śilmä>szëm,  *śilmä>szëm,  *ćiklä>süh, *elä>él, *emä>em, *ićä>ős, *mińä>mëny, *pälä>fél, *śiδä >szív, *śilmä>szëm,  0 0 0",2,2,4,5.0
száj,saj∅,*ʃʲ>s¹,6,"*śalɜ >szalag, *śarɜ>szürügy, *śerɜ>szër, *śiδä >szív, *śilmä>szëm, *śuwe>száj, ",*u>a³,2,"*kuttɜ>hát, *śuwe>száj, ",*β>j³,2,"*puwɜ >fúj, *śuwe>száj, ",*e>∅²,21,"*aŋe>aj, *kińe>könny, *kuńće>húgy, *mene>mën, *muśke>mos, *niδe>nyél, *nime>név, *ńele>nyel, *ńɤle>nyíl, *ńole>nyal, *päŋe>fej, *pele>fél, *säje>év, *säle >ell, *sɤne >ín, *śuwe>száj, *totke>tat, *tumte>tud, *uje>úsz, *waśke>vas, *wete>víz, ",-,0,0,-,0,0,-,0,0,31," *śalɜ >szalag, *śarɜ>szürügy, *śerɜ>szër, *śiδä >szív, *śilmä>szëm, *śuwe>száj,  *kuttɜ>hát, *śuwe>száj,  *puwɜ >fúj, *śuwe>száj,  *aŋe>aj, *kińe>könny, *kuńće>húgy, *mene>mën, *muśke>mos, *niδe>nyél, *nime>név, *ńele>nyel, *ńɤle>nyíl, *ńole>nyal, *päŋe>fej, *pele>fél, *säje>év, *säle >ell, *sɤne >ín, *śuwe>száj, *totke>tat, *tumte>tud, *uje>úsz, *waśke>vas, *wete>víz,  0 0 0",2,2,4,7.75
irt,0irt∅,*ʃ>0¹,1,"*šurɜ>irt, ",*u>i¹,1,"*šurɜ>irt, ",*r>rt³,1,"*šurɜ>irt, ",*ɜ>∅²,18,"*ć¨nɜ>csün, *ećɜ>es, *ipɜ>íz, *joŋsɜ>íj, *kattɜ>hat, *kintɜ>köd, *kojmɜ>hím, *kuńćɜ>húgy, *kuttɜ>hát, *mȣrɜ>mar, *perɜ>bőr, *puwɜ >fúj, *pȣnɜ>fing, *suδ'ɜ>ujj, *śerɜ>szër, *šurɜ>irt, *tuktɜ>tat, *waδ'kɜ>völgy, ",-,0,0,-,0,0,-,0,0,21," *šurɜ>irt,  *šurɜ>irt,  *šurɜ>irt,  *ć¨nɜ>csün, *ećɜ>es, *ipɜ>íz, *joŋsɜ>íj, *kattɜ>hat, *kintɜ>köd, *kojmɜ>hím, *kuńćɜ>húgy, *kuttɜ>hát, *mȣrɜ>mar, *perɜ>bőr, *puwɜ >fúj, *pȣnɜ>fing, *suδ'ɜ>ujj, *śerɜ>szër, *šurɜ>irt, *tuktɜ>tat, *waδ'kɜ>völgy,  0 0 0",2,2,4,5.25
tapod,tɒpod∅,*t>t¹,11,"*tappa>tapod, *tä>té, *täwe>tüdő, *to>tova, *totke>tat, *towɜ>tó, *tuktɜ>tat, *tulka>toll, *tumte>tud, *t¨>të, *t¨>ti, ",*a>ɒ³,12,"*kaδ'a>hagy, *kala>hal, *kattɜ>hat, *kura>harmat, *lappɜ>lapos, *pajɜ>fagyal, *pala>fal, *parɜ>farag, *śalɜ >szalag, *tappa>tapod, *warɜ>varjú, *waśke>vas, ",*pp>p³,2,"*lappɜ>lapos, *tappa>tapod, ",*a>o³,3,"*kuma>homlok, *muna>mogyoró, *tappa>tapod, ",*0>d³,2,"*kulke>halad, *tappa>tapod, ",-,0,0,-,0,0,30," *tappa>tapod, *tä>té, *täwe>tüdő, *to>tova, *totke>tat, *towɜ>tó, *tuktɜ>tat, *tulka>toll, *tumte>tud, *t¨>të, *t¨>ti,  *kaδ'a>hagy, *kala>hal, *kattɜ>hat, *kura>harmat, *lappɜ>lapos, *pajɜ>fagyal, *pala>fal, *parɜ>farag, *śalɜ >szalag, *tappa>tapod, *warɜ>varjú, *waśke>vas,  *lappɜ>lapos, *tappa>tapod,  *kuma>homlok, *muna>mogyoró, *tappa>tapod,  *kulke>halad, *tappa>tapod,  0 0",3,2,5,6.0
té,te,*t>t¹,11,"*tappa>tapod, *tä>té, *täwe>tüdő, *to>tova, *totke>tat, *towɜ>tó, *tuktɜ>tat, *tulka>toll, *tumte>tud, *t¨>të, *t¨>ti, ",*æ>e²,1,"*tä>té, ",-,0,0,-,0,0,-,0,0,-,0,0,-,0,0,12," *tappa>tapod, *tä>té, *täwe>tüdő, *to>tova, *totke>tat, *towɜ>tó, *tuktɜ>tat, *tulka>toll, *tumte>tud, *t¨>të, *t¨>ti,  *tä>té,  0 0 0 0 0",1,1,2,6.0
tüdő,tydø,*t>t¹,11,"*tappa>tapod, *tä>té, *täwe>tüdő, *to>tova, *totke>tat, *towɜ>tó, *tuktɜ>tat, *tulka>toll, *tumte>tud, *t¨>të, *t¨>ti, ",*æ>y³,1,"*täwe>tüdő, ",*β>d³,1,"*täwe>tüdő, ",*e>ø²,2,"*ime>emlő, *täwe>tüdő, ",-,0,0,-,0,0,-,0,0,15," *tappa>tapod, *tä>té, *täwe>tüdő, *to>tova, *totke>tat, *towɜ>tó, *tuktɜ>tat, *tulka>toll, *tumte>tud, *t¨>të, *t¨>ti,  *täwe>tüdő,  *täwe>tüdő,  *ime>emlő, *täwe>tüdő,  0 0 0",2,2,4,3.75
tova,tovɒ,*t>t¹,11,"*tappa>tapod, *tä>té, *täwe>tüdő, *to>tova, *totke>tat, *towɜ>tó, *tuktɜ>tat, *tulka>toll, *tumte>tud, *t¨>të, *t¨>ti, ",*o>o³,5,"*ćorɜ>csorog, *joke>jó, *końćɜ>hosszú, *to>tova, *towɜ>tó, ",*0>v³,1,"*to>tova, ",*∅>ɒ²,1,"*to>tova, ",-,0,0,-,0,0,-,0,0,18," *tappa>tapod, *tä>té, *täwe>tüdő, *to>tova, *totke>tat, *towɜ>tó, *tuktɜ>tat, *tulka>toll, *tumte>tud, *t¨>të, *t¨>ti,  *ćorɜ>csorog, *joke>jó, *końćɜ>hosszú, *to>tova, *towɜ>tó,  *to>tova,  *to>tova,  0 0 0",2,2,4,4.5
tat,tɒt∅,*t>t¹,11,"*tappa>tapod, *tä>té, *täwe>tüdő, *to>tova, *totke>tat, *towɜ>tó, *tuktɜ>tat, *tulka>toll, *tumte>tud, *t¨>të, *t¨>ti, ",*o>ɒ³,3,"*kola>hal, *ńole>nyal, *totke>tat, ",*tk>t³,2,"*totke>tat, *utka>út, ",*e>∅²,21,"*aŋe>aj, *kińe>könny, *kuńće>húgy, *mene>mën, *muśke>mos, *niδe>nyél, *nime>név, *ńele>nyel, *ńɤle>nyíl, *ńole>nyal, *päŋe>fej, *pele>fél, *säje>év, *säle >ell, *sɤne >ín, *śuwe>száj, *totke>tat, *tumte>tud, *uje>úsz, *waśke>vas, *wete>víz, ",-,0,0,-,0,0,-,0,0,37," *tappa>tapod, *tä>té, *täwe>tüdő, *to>tova, *totke>tat, *towɜ>tó, *tuktɜ>tat, *tulka>toll, *tumte>tud, *t¨>të, *t¨>ti,  *kola>hal, *ńole>nyal, *totke>tat,  *totke>tat, *utka>út,  *aŋe>aj, *kińe>könny, *kuńće>húgy, *mene>mën, *muśke>mos, *niδe>nyél, *nime>név, *ńele>nyel, *ńɤle>nyíl, *ńole>nyal, *päŋe>fej, *pele>fél, *säje>év, *säle >ell, *sɤne >ín, *śuwe>száj, *totke>tat, *tumte>tud, *uje>úsz, *waśke>vas, *wete>víz,  0 0 0",2,2,4,9.25
tó,to0∅,*t>t¹,11,"*tappa>tapod, *tä>té, *täwe>tüdő, *to>tova, *totke>tat, *towɜ>tó, *tuktɜ>tat, *tulka>toll, *tumte>tud, *t¨>të, *t¨>ti, ",*o>o³,5,"*ćorɜ>csorog, *joke>jó, *końćɜ>hosszú, *to>tova, *towɜ>tó, ",*β>0³,2,"*puwɜ>fa, *towɜ>tó, ",*ɜ>∅³,5,"*kumɜ>hó, *ńikɜ>nyű, *puwɜ>fa, *pȣjɜ>fú, *towɜ>tó, ",-,0,0,-,0,0,-,0,0,23," *tappa>tapod, *tä>té, *täwe>tüdő, *to>tova, *totke>tat, *towɜ>tó, *tuktɜ>tat, *tulka>toll, *tumte>tud, *t¨>të, *t¨>ti,  *ćorɜ>csorog, *joke>jó, *końćɜ>hosszú, *to>tova, *towɜ>tó,  *puwɜ>fa, *towɜ>tó,  *kumɜ>hó, *ńikɜ>nyű, *puwɜ>fa, *pȣjɜ>fú, *towɜ>tó,  0 0 0",2,2,4,5.75
tat,tɒt∅,*t>t¹,11,"*tappa>tapod, *tä>té, *täwe>tüdő, *to>tova, *totke>tat, *towɜ>tó, *tuktɜ>tat, *tulka>toll, *tumte>tud, *t¨>të, *t¨>ti, ",*u>ɒ³,7,"*kulke>halad, *kumpa>hab, *kura>harmat, *kurɜ>harántos, *mura>mar, *puwɜ>fa, *tuktɜ>tat, ",*kt>t³,2,"*pukta>fut, *tuktɜ>tat, ",*ɜ>∅²,18,"*ć¨nɜ>csün, *ećɜ>es, *ipɜ>íz, *joŋsɜ>íj, *kattɜ>hat, *kintɜ>köd, *kojmɜ>hím, *kuńćɜ>húgy, *kuttɜ>hát, *mȣrɜ>mar, *perɜ>bőr, *puwɜ >fúj, *pȣnɜ>fing, *suδ'ɜ>ujj, *śerɜ>szër, *šurɜ>irt, *tuktɜ>tat, *waδ'kɜ>völgy, ",-,0,0,-,0,0,-,0,0,38," *tappa>tapod, *tä>té, *täwe>tüdő, *to>tova, *totke>tat, *towɜ>tó, *tuktɜ>tat, *tulka>toll, *tumte>tud, *t¨>të, *t¨>ti,  *kulke>halad, *kumpa>hab, *kura>harmat, *kurɜ>harántos, *mura>mar, *puwɜ>fa, *tuktɜ>tat,  *pukta>fut, *tuktɜ>tat,  *ć¨nɜ>csün, *ećɜ>es, *ipɜ>íz, *joŋsɜ>íj, *kattɜ>hat, *kintɜ>köd, *kojmɜ>hím, *kuńćɜ>húgy, *kuttɜ>hát, *mȣrɜ>mar, *perɜ>bőr, *puwɜ >fúj, *pȣnɜ>fing, *suδ'ɜ>ujj, *śerɜ>szër, *šurɜ>irt, *tuktɜ>tat, *waδ'kɜ>völgy,  0 0 0",2,2,4,9.5
toll,toll∅,*t>t¹,11,"*tappa>tapod, *tä>té, *täwe>tüdő, *to>tova, *totke>tat, *towɜ>tó, *tuktɜ>tat, *tulka>toll, *tumte>tud, *t¨>të, *t¨>ti, ",*u>o³,9,"*kuδɜ>holnap, *kulɜ>holló, *kuma>homlok, *kumɜ>hó, *kuŋe>hó, *muna>mogyoró, *muśke>mos, *puna>fon, *tulka>toll, ",*lk>ll³,1,"*tulka>toll, ",*a>∅²,18,"*ala>al, *kaća>hős, *kaδ'a>hagy, *kala>hal, *kama>háml, *kola>hal, *kumpa>hab, *kuńa>huny, *maksa>máj, *mura>mar, *ńoma>nyúl, *pala>fal, *pukta>fut, *puna>fon, *pura>fúr, *soja>ujj, *tulka>toll, *utka>út, ",-,0,0,-,0,0,-,0,0,39," *tappa>tapod, *tä>té, *täwe>tüdő, *to>tova, *totke>tat, *towɜ>tó, *tuktɜ>tat, *tulka>toll, *tumte>tud, *t¨>të, *t¨>ti,  *kuδɜ>holnap, *kulɜ>holló, *kuma>homlok, *kumɜ>hó, *kuŋe>hó, *muna>mogyoró, *muśke>mos, *puna>fon, *tulka>toll,  *tulka>toll,  *ala>al, *kaća>hős, *kaδ'a>hagy, *kala>hal, *kama>háml, *kola>hal, *kumpa>hab, *kuńa>huny, *maksa>máj, *mura>mar, *ńoma>nyúl, *pala>fal, *pukta>fut, *puna>fon, *pura>fúr, *soja>ujj, *tulka>toll, *utka>út,  0 0 0",2,2,4,9.75
tud,tud∅,*t>t¹,11,"*tappa>tapod, *tä>té, *täwe>tüdő, *to>tova, *totke>tat, *towɜ>tó, *tuktɜ>tat, *tulka>toll, *tumte>tud, *t¨>të, *t¨>ti, ",*u>u³,7,"*kuńa>huny, *kuńće>húgy, *kuńćɜ>húgy, *pukta>fut, *pura>fúr, *puwɜ >fúj, *tumte>tud, ",*mt>d³,1,"*tumte>tud, ",*e>∅²,21,"*aŋe>aj, *kińe>könny, *kuńće>húgy, *mene>mën, *muśke>mos, *niδe>nyél, *nime>név, *ńele>nyel, *ńɤle>nyíl, *ńole>nyal, *päŋe>fej, *pele>fél, *säje>év, *säle >ell, *sɤne >ín, *śuwe>száj, *totke>tat, *tumte>tud, *uje>úsz, *waśke>vas, *wete>víz, ",-,0,0,-,0,0,-,0,0,40," *tappa>tapod, *tä>té, *täwe>tüdő, *to>tova, *totke>tat, *towɜ>tó, *tuktɜ>tat, *tulka>toll, *tumte>tud, *t¨>të, *t¨>ti,  *kuńa>huny, *kuńće>húgy, *kuńćɜ>húgy, *pukta>fut, *pura>fúr, *puwɜ >fúj, *tumte>tud,  *tumte>tud,  *aŋe>aj, *kińe>könny, *kuńće>húgy, *mene>mën, *muśke>mos, *niδe>nyél, *nime>név, *ńele>nyel, *ńɤle>nyíl, *ńole>nyal, *päŋe>fej, *pele>fél, *säje>év, *säle >ell, *sɤne >ín, *śuwe>száj, *totke>tat, *tumte>tud, *uje>úsz, *waśke>vas, *wete>víz,  0 0 0",2,2,4,10.0
të,te,*t>t¹,11,"*tappa>tapod, *tä>té, *täwe>tüdő, *to>tova, *totke>tat, *towɜ>tó, *tuktɜ>tat, *tulka>toll, *tumte>tud, *t¨>të, *t¨>ti, ",*¨>e²,1,"*t¨>të, ",-,0,0,-,0,0,-,0,0,-,0,0,-,0,0,12," *tappa>tapod, *tä>té, *täwe>tüdő, *to>tova, *totke>tat, *towɜ>tó, *tuktɜ>tat, *tulka>toll, *tumte>tud, *t¨>të, *t¨>ti,  *t¨>të,  0 0 0 0 0",1,1,2,6.0
ti,ti,*t>t¹,11,"*tappa>tapod, *tä>té, *täwe>tüdő, *to>tova, *totke>tat, *towɜ>tó, *tuktɜ>tat, *tulka>toll, *tumte>tud, *t¨>të, *t¨>ti, ",*¨>i²,2,"*m¨>mi, *t¨>ti, ",-,0,0,-,0,0,-,0,0,-,0,0,-,0,0,13," *tappa>tapod, *tä>té, *täwe>tüdő, *to>tova, *totke>tat, *towɜ>tó, *tuktɜ>tat, *tulka>toll, *tumte>tud, *t¨>të, *t¨>ti,  *m¨>mi, *t¨>ti,  0 0 0 0 0",1,1,2,6.5
úsz,0us∅,*0>0¹,12,"*ala>al, *aŋe>aj, *e>ez, *ećɜ>es, *elä>él, *emä>em, *ićä>ős, *ime>emlő, *ipɜ>íz, *o>az, *uje>úsz, *utka>út, ",*u>u¹,3,"*suδ'ɜ>ujj, *uje>úsz, *utka>út, ",*j>s³,1,"*uje>úsz, ",*e>∅²,21,"*aŋe>aj, *kińe>könny, *kuńće>húgy, *mene>mën, *muśke>mos, *niδe>nyél, *nime>név, *ńele>nyel, *ńɤle>nyíl, *ńole>nyal, *päŋe>fej, *pele>fél, *säje>év, *säle >ell, *sɤne >ín, *śuwe>száj, *totke>tat, *tumte>tud, *uje>úsz, *waśke>vas, *wete>víz, ",-,0,0,-,0,0,-,0,0,37," *ala>al, *aŋe>aj, *e>ez, *ećɜ>es, *elä>él, *emä>em, *ićä>ős, *ime>emlő, *ipɜ>íz, *o>az, *uje>úsz, *utka>út,  *suδ'ɜ>ujj, *uje>úsz, *utka>út,  *uje>úsz,  *aŋe>aj, *kińe>könny, *kuńće>húgy, *mene>mën, *muśke>mos, *niδe>nyél, *nime>név, *ńele>nyel, *ńɤle>nyíl, *ńole>nyal, *päŋe>fej, *pele>fél, *säje>év, *säle >ell, *sɤne >ín, *śuwe>száj, *totke>tat, *tumte>tud, *uje>úsz, *waśke>vas, *wete>víz,  0 0 0",2,2,4,9.25
út,0ut∅,*0>0¹,12,"*ala>al, *aŋe>aj, *e>ez, *ećɜ>es, *elä>él, *emä>em, *ićä>ős, *ime>emlő, *ipɜ>íz, *o>az, *uje>úsz, *utka>út, ",*u>u¹,3,"*suδ'ɜ>ujj, *uje>úsz, *utka>út, ",*tk>t³,2,"*totke>tat, *utka>út, ",*a>∅²,18,"*ala>al, *kaća>hős, *kaδ'a>hagy, *kala>hal, *kama>háml, *kola>hal, *kumpa>hab, *kuńa>huny, *maksa>máj, *mura>mar, *ńoma>nyúl, *pala>fal, *pukta>fut, *puna>fon, *pura>fúr, *soja>ujj, *tulka>toll, *utka>út, ",-,0,0,-,0,0,-,0,0,35," *ala>al, *aŋe>aj, *e>ez, *ećɜ>es, *elä>él, *emä>em, *ićä>ős, *ime>emlő, *ipɜ>íz, *o>az, *uje>úsz, *utka>út,  *suδ'ɜ>ujj, *uje>úsz, *utka>út,  *totke>tat, *utka>út,  *ala>al, *kaća>hős, *kaδ'a>hagy, *kala>hal, *kama>háml, *kola>hal, *kumpa>hab, *kuńa>huny, *maksa>máj, *mura>mar, *ńoma>nyúl, *pala>fal, *pukta>fut, *puna>fon, *pura>fúr, *soja>ujj, *tulka>toll, *utka>út,  0 0 0",2,2,4,8.75
völgy,vølɟ∅,*β>v¹,5,"*waδ'kɜ>völgy, *warɜ>varjú, *waśke>vas, *wäŋe>vő, *wete>víz, ",*a>ø³,2,"*kaća>hős, *waδ'kɜ>völgy, ",*ðʲk>lɟ³,1,"*waδ'kɜ>völgy, ",*ɜ>∅²,18,"*ć¨nɜ>csün, *ećɜ>es, *ipɜ>íz, *joŋsɜ>íj, *kattɜ>hat, *kintɜ>köd, *kojmɜ>hím, *kuńćɜ>húgy, *kuttɜ>hát, *mȣrɜ>mar, *perɜ>bőr, *puwɜ >fúj, *pȣnɜ>fing, *suδ'ɜ>ujj, *śerɜ>szër, *šurɜ>irt, *tuktɜ>tat, *waδ'kɜ>völgy, ",-,0,0,-,0,0,-,0,0,26," *waδ'kɜ>völgy, *warɜ>varjú, *waśke>vas, *wäŋe>vő, *wete>víz,  *kaća>hős, *waδ'kɜ>völgy,  *waδ'kɜ>völgy,  *ć¨nɜ>csün, *ećɜ>es, *ipɜ>íz, *joŋsɜ>íj, *kattɜ>hat, *kintɜ>köd, *kojmɜ>hím, *kuńćɜ>húgy, *kuttɜ>hát, *mȣrɜ>mar, *perɜ>bőr, *puwɜ >fúj, *pȣnɜ>fing, *suδ'ɜ>ujj, *śerɜ>szër, *šurɜ>irt, *tuktɜ>tat, *waδ'kɜ>völgy,  0 0 0",2,2,4,6.5
varjú,vɒrju,*β>v¹,5,"*waδ'kɜ>völgy, *warɜ>varjú, *waśke>vas, *wäŋe>vő, *wete>víz, ",*a>ɒ³,12,"*kaδ'a>hagy, *kala>hal, *kattɜ>hat, *kura>harmat, *lappɜ>lapos, *pajɜ>fagyal, *pala>fal, *parɜ>farag, *śalɜ >szalag, *tappa>tapod, *warɜ>varjú, *waśke>vas, ",*r>rj³,1,"*warɜ>varjú, ",*ɜ>u²,2,"*końćɜ>hosszú, *warɜ>varjú, ",-,0,0,-,0,0,-,0,0,20," *waδ'kɜ>völgy, *warɜ>varjú, *waśke>vas, *wäŋe>vő, *wete>víz,  *kaδ'a>hagy, *kala>hal, *kattɜ>hat, *kura>harmat, *lappɜ>lapos, *pajɜ>fagyal, *pala>fal, *parɜ>farag, *śalɜ >szalag, *tappa>tapod, *warɜ>varjú, *waśke>vas,  *warɜ>varjú,  *końćɜ>hosszú, *warɜ>varjú,  0 0 0",2,2,4,5.0
vas,vɒʃ∅,*β>v¹,5,"*waδ'kɜ>völgy, *warɜ>varjú, *waśke>vas, *wäŋe>vő, *wete>víz, ",*a>ɒ³,12,"*kaδ'a>hagy, *kala>hal, *kattɜ>hat, *kura>harmat, *lappɜ>lapos, *pajɜ>fagyal, *pala>fal, *parɜ>farag, *śalɜ >szalag, *tappa>tapod, *warɜ>varjú, *waśke>vas, ",*ʃʲk>ʃ³,2,"*muśke>mos, *waśke>vas, ",*e>∅²,21,"*aŋe>aj, *kińe>könny, *kuńće>húgy, *mene>mën, *muśke>mos, *niδe>nyél, *nime>név, *ńele>nyel, *ńɤle>nyíl, *ńole>nyal, *päŋe>fej, *pele>fél, *säje>év, *säle >ell, *sɤne >ín, *śuwe>száj, *totke>tat, *tumte>tud, *uje>úsz, *waśke>vas, *wete>víz, ",-,0,0,-,0,0,-,0,0,40," *waδ'kɜ>völgy, *warɜ>varjú, *waśke>vas, *wäŋe>vő, *wete>víz,  *kaδ'a>hagy, *kala>hal, *kattɜ>hat, *kura>harmat, *lappɜ>lapos, *pajɜ>fagyal, *pala>fal, *parɜ>farag, *śalɜ >szalag, *tappa>tapod, *warɜ>varjú, *waśke>vas,  *muśke>mos, *waśke>vas,  *aŋe>aj, *kińe>könny, *kuńće>húgy, *mene>mën, *muśke>mos, *niδe>nyél, *nime>név, *ńele>nyel, *ńɤle>nyíl, *ńole>nyal, *päŋe>fej, *pele>fél, *säje>év, *säle >ell, *sɤne >ín, *śuwe>száj, *totke>tat, *tumte>tud, *uje>úsz, *waśke>vas, *wete>víz,  0 0 0",2,2,4,10.0
vő,vø0∅,*β>v¹,5,"*waδ'kɜ>völgy, *warɜ>varjú, *waśke>vas, *wäŋe>vő, *wete>víz, ",*æ>ø³,1,"*wäŋe>vő, ",*ŋ>0³,3,"*kuŋe>hó, *niŋä>nő, *wäŋe>vő, ",*e>∅³,4,"*joke>jó, *kuŋe>hó, *peje>fő, *wäŋe>vő, ",-,0,0,-,0,0,-,0,0,13," *waδ'kɜ>völgy, *warɜ>varjú, *waśke>vas, *wäŋe>vő, *wete>víz,  *wäŋe>vő,  *kuŋe>hó, *niŋä>nő, *wäŋe>vő,  *joke>jó, *kuŋe>hó, *peje>fő, *wäŋe>vő,  0 0 0",2,2,4,3.25
víz,viz∅,*β>v¹,5,"*waδ'kɜ>völgy, *warɜ>varjú, *waśke>vas, *wäŋe>vő, *wete>víz, ",*e>i³,1,"*wete>víz, ",*t>z³,1,"*wete>víz, ",*e>∅²,21,"*aŋe>aj, *kińe>könny, *kuńće>húgy, *mene>mën, *muśke>mos, *niδe>nyél, *nime>név, *ńele>nyel, *ńɤle>nyíl, *ńole>nyal, *päŋe>fej, *pele>fél, *säje>év, *säle >ell, *sɤne >ín, *śuwe>száj, *totke>tat, *tumte>tud, *uje>úsz, *waśke>vas, *wete>víz, ",-,0,0,-,0,0,-,0,0,28," *waδ'kɜ>völgy, *warɜ>varjú, *waśke>vas, *wäŋe>vő, *wete>víz,  *wete>víz,  *wete>víz,  *aŋe>aj, *kińe>könny, *kuńće>húgy, *mene>mën, *muśke>mos, *niδe>nyél, *nime>név, *ńele>nyel, *ńɤle>nyíl, *ńole>nyal, *päŋe>fej, *pele>fél, *säje>év, *säle >ell, *sɤne >ín, *śuwe>száj, *totke>tat, *tumte>tud, *uje>úsz, *waśke>vas, *wete>víz,  0 0 0",2,2,4,7.0
